County,Year,Population,Median Age,Household Income,Per Capita Income,Poverty Count,Poverty Rate,Families in Poverty (12mo)
"Adams County, Colorado",2011,434295.0,32.2,56089.0,24384.0,60147.0,13.849342037094601,5143.0
"Adams County, Colorado",2012,442996.0,32.4,56633.0,24357.0,62008.0,13.99741758390595,4999.0
"Adams County, Colorado",2013,452030.0,32.6,56270.0,24195.0,63540.0,14.056589164435989,4814.0
"Adams County, Colorado",2014,461558.0,32.8,57421.0,24667.0,64599.0,13.995857508698798,4861.0
"Adams County, Colorado",2015,471206.0,33.0,58946.0,25039.0,64241.0,13.633315365254262,4802.0
"Adams County, Colorado",2016,479977.0,33.3,61444.0,26051.0,61265.0,12.764153282344779,4690.0
"Adams County, Colorado",2017,487850.0,33.4,64087.0,27487.0,59050.0,12.104130367940966,4542.0
"Adams County, Colorado",2018,497115.0,33.6,67575.0,28897.0,56588.0,11.383281534453799,4181.0
"Adams County, Colorado",2019,504108.0,33.8,71202.0,30313.0,54159.0,10.743531148087314,4100.0
"Adams County, Colorado",2020,509844.0,34.0,73817.0,31310.0,49946.0,9.796329857760414,3647.0
"Adams County, Colorado",2021,514969.0,34.2,78304.0,33571.0,48959.0,9.507174218253914,3434.0
"Alamosa County, Colorado",2011,15395.0,32.0,38299.0,20429.0,3103.0,20.155894771029555,303.0
"Alamosa County, Colorado",2012,15750.0,32.2,38045.0,19657.0,3191.0,20.26031746031746,304.0
"Alamosa County, Colorado",2013,15933.0,31.3,34520.0,19487.0,3924.0,24.62813029561288,332.0
"Alamosa County, Colorado",2014,16111.0,30.8,31400.0,19481.0,4192.0,26.019489789584757,320.0
"Alamosa County, Colorado",2015,16269.0,30.1,32395.0,19524.0,4396.0,27.020714241809575,392.0
"Alamosa County, Colorado",2016,16353.0,30.2,32385.0,18133.0,4786.0,29.26680119855684,475.0
"Alamosa County, Colorado",2017,16345.0,30.3,36315.0,19217.0,4239.0,25.934536555521568,427.0
"Alamosa County, Colorado",2018,16444.0,30.4,39191.0,21328.0,3635.0,22.10532717100462,392.0
"Alamosa County, Colorado",2019,16107.0,31.8,37515.0,22131.0,3528.0,21.903520208604956,422.0
"Alamosa County, Colorado",2020,16153.0,32.3,41121.0,23020.0,2806.0,17.371386120225345,279.0
"Alamosa County, Colorado",2021,16377.0,32.9,46217.0,25249.0,2466.0,15.057702875984612,144.0
"Arapahoe County, Colorado",2011,563508.0,35.6,59937.0,32482.0,66319.0,11.768954478019833,5198.0
"Arapahoe County, Colorado",2012,574357.0,35.7,60400.0,32845.0,66945.0,11.655642744843364,5311.0
"Arapahoe County, Colorado",2013,585333.0,35.9,60651.0,32595.0,69949.0,11.950291543446209,5015.0
"Arapahoe County, Colorado",2014,596684.0,36.0,62213.0,33574.0,68985.0,11.561395981792709,4896.0
"Arapahoe County, Colorado",2015,608310.0,36.1,63265.0,34190.0,67679.0,11.125741809274876,5035.0
"Arapahoe County, Colorado",2016,617668.0,36.3,66288.0,35250.0,65383.0,10.585460150113006,4759.0
"Arapahoe County, Colorado",2017,626612.0,36.4,69553.0,36951.0,61463.0,9.808781191550752,4438.0
"Arapahoe County, Colorado",2018,636671.0,36.5,73925.0,38972.0,56802.0,8.921719380967565,4194.0
"Arapahoe County, Colorado",2019,644560.0,36.6,77469.0,40443.0,51542.0,7.996462703239419,3626.0
"Arapahoe County, Colorado",2020,649980.0,36.8,80291.0,42184.0,49932.0,7.682082525616173,3379.0
"Arapahoe County, Colorado",2021,651621.0,37.0,84947.0,45046.0,49673.0,7.62298943711145,3083.0
"Archuleta County, Colorado",2011,12152.0,47.1,60170.0,29361.0,927.0,7.628373930217248,95.0
"Archuleta County, Colorado",2012,12109.0,47.5,54007.0,29771.0,1051.0,8.679494590800232,164.0
"Archuleta County, Colorado",2013,12109.0,47.8,48933.0,29793.0,1161.0,9.587909819142787,191.0
"Archuleta County, Colorado",2014,12132.0,48.8,48186.0,28506.0,1327.0,10.938015166501813,212.0
"Archuleta County, Colorado",2015,12174.0,49.6,46646.0,28884.0,1405.0,11.540988992935764,227.0
"Archuleta County, Colorado",2016,12355.0,49.5,45607.0,28649.0,1369.0,11.080534196681505,197.0
"Archuleta County, Colorado",2017,12592.0,49.8,48016.0,29344.0,1446.0,11.483481575603557,197.0
"Archuleta County, Colorado",2018,12908.0,50.6,50753.0,31035.0,1370.0,10.61357297799814,159.0
"Archuleta County, Colorado",2019,13253.0,50.9,52221.0,31629.0,1153.0,8.699916999924545,137.0
"Archuleta County, Colorado",2020,13588.0,50.3,55658.0,32995.0,1119.0,8.23520753606123,121.0
"Archuleta County, Colorado",2021,13267.0,50.0,62907.0,34394.0,1283.0,9.67061129117359,159.0
"Baca County, Colorado",2011,3807.0,47.2,37111.0,21322.0,644.0,16.916206987128973,88.0
"Baca County, Colorado",2012,3783.0,47.8,39497.0,22436.0,530.0,14.01004493787999,74.0
"Baca County, Colorado",2013,3761.0,47.8,38829.0,22318.0,551.0,14.65035894708854,83.0
"Baca County, Colorado",2014,3735.0,48.1,38625.0,22558.0,588.0,15.742971887550201,87.0
"Baca County, Colorado",2015,3701.0,47.6,38000.0,21361.0,736.0,19.88651715752499,102.0
"Baca County, Colorado",2016,3648.0,47.5,37477.0,22113.0,634.0,17.37938596491228,65.0
"Baca County, Colorado",2017,3581.0,47.6,35898.0,22853.0,674.0,18.821558223959787,90.0
"Baca County, Colorado",2018,3563.0,47.7,37500.0,23862.0,661.0,18.551782206006173,77.0
"Baca County, Colorado",2019,3561.0,46.0,35878.0,24061.0,654.0,18.36562763268745,93.0
"Baca County, Colorado",2020,3570.0,45.9,34655.0,24583.0,625.0,17.50700280112045,97.0
"Baca County, Colorado",2021,3519.0,43.2,39891.0,26220.0,702.0,19.948849104859335,89.0
"Bent County, Colorado",2011,6164.0,38.0,35667.0,15390.0,944.0,15.314730694354315,47.0
"Bent County, Colorado",2012,6192.0,40.6,36297.0,15259.0,912.0,14.728682170542635,96.0
"Bent County, Colorado",2013,6141.0,40.4,37340.0,15081.0,782.0,12.734082397003744,79.0
"Bent County, Colorado",2014,6000.0,40.9,39053.0,15402.0,703.0,11.716666666666667,78.0
"Bent County, Colorado",2015,5895.0,41.1,36791.0,13544.0,923.0,15.657336726039016,116.0
"Bent County, Colorado",2016,5816.0,41.2,34773.0,13772.0,943.0,16.213892709766164,132.0
"Bent County, Colorado",2017,5806.0,40.4,32500.0,14028.0,948.0,16.327936617292455,156.0
"Bent County, Colorado",2018,5809.0,41.0,34392.0,14777.0,912.0,15.69977620933035,120.0
"Bent County, Colorado",2019,5787.0,40.2,30900.0,13930.0,1177.0,20.338690167617074,140.0
"Bent County, Colorado",2020,5677.0,40.6,38083.0,15738.0,849.0,14.95508190945922,95.0
"Bent County, Colorado",2021,5861.0,40.9,40972.0,16557.0,1075.0,18.34157993516465,87.0
"Boulder County, Colorado",2011,293205.0,35.5,66479.0,37720.0,37119.0,12.65974318309715,1851.0
"Boulder County, Colorado",2012,297218.0,35.6,67403.0,38283.0,38134.0,12.830313103513246,1980.0
"Boulder County, Colorado",2013,301072.0,35.7,67956.0,38011.0,41412.0,13.754849338364245,2207.0
"Boulder County, Colorado",2014,305166.0,35.7,69407.0,38524.0,43057.0,14.109369982239174,2057.0
"Boulder County, Colorado",2015,310032.0,35.8,70961.0,39074.0,42167.0,13.60085410538267,1992.0
"Boulder County, Colorado",2016,313961.0,36.0,72282.0,40097.0,40732.0,12.97358589124127,1879.0
"Boulder County, Colorado",2017,316782.0,36.2,75669.0,42119.0,39882.0,12.589730477110441,1838.0
"Boulder County, Colorado",2018,321030.0,36.2,78642.0,43831.0,38546.0,12.006977541039777,1595.0
"Boulder County, Colorado",2019,322510.0,36.6,83019.0,46826.0,36358.0,11.273448885305882,1330.0
"Boulder County, Colorado",2020,324682.0,36.9,87476.0,48776.0,34918.0,10.754522887009443,1257.0
"Boulder County, Colorado",2021,328713.0,37.2,92466.0,52401.0,34842.0,10.599519945971105,1306.0
"Broomfield County, Colorado",2011,54592.0,36.6,76531.0,36783.0,3112.0,5.700468933177023,78.0
"Broomfield County, Colorado",2012,55913.0,36.5,80483.0,37964.0,3413.0,6.1041260529751575,168.0
"Broomfield County, Colorado",2013,57171.0,35.9,77998.0,37442.0,4032.0,7.0525266306344125,227.0
"Broomfield County, Colorado",2014,59027.0,37.4,80430.0,38706.0,3717.0,6.297118267911295,218.0
"Broomfield County, Colorado",2015,60699.0,37.5,81898.0,40135.0,3930.0,6.474571244995799,257.0
"Broomfield County, Colorado",2016,62449.0,37.6,83334.0,41698.0,3667.0,5.871991545100802,316.0
"Broomfield County, Colorado",2017,64283.0,37.8,85639.0,43736.0,3340.0,5.195774932719382,234.0
"Broomfield County, Colorado",2018,66120.0,37.7,89624.0,47016.0,3296.0,4.984875983061101,227.0
"Broomfield County, Colorado",2019,67886.0,37.8,96416.0,50863.0,3763.0,5.543116401025248,260.0
"Broomfield County, Colorado",2020,69444.0,38.4,101206.0,51461.0,3435.0,4.946431657162606,206.0
"Broomfield County, Colorado",2021,72697.0,38.4,107570.0,55176.0,3183.0,4.378447528783856,120.0
"Chaffee County, Colorado",2011,17707.0,46.8,43684.0,26795.0,1583.0,8.939967244592534,194.0
"Chaffee County, Colorado",2012,17879.0,47.3,45713.0,27961.0,1556.0,8.702947592147211,132.0
"Chaffee County, Colorado",2013,18063.0,47.8,46504.0,27182.0,1358.0,7.5181309859934675,88.0
"Chaffee County, Colorado",2014,18121.0,48.9,48528.0,27467.0,1480.0,8.16731968434413,75.0
"Chaffee County, Colorado",2015,18309.0,49.2,51092.0,28064.0,1502.0,8.203615708121688,82.0
"Chaffee County, Colorado",2016,18507.0,49.1,50993.0,27848.0,1673.0,9.039822769762793,75.0
"Chaffee County, Colorado",2017,18818.0,49.9,53762.0,28907.0,1686.0,8.959506855138697,125.0
"Chaffee County, Colorado",2018,19164.0,49.1,54580.0,29365.0,1807.0,9.429137967021498,124.0
"Chaffee County, Colorado",2019,19557.0,49.2,55771.0,29827.0,1776.0,9.081147415247738,144.0
"Chaffee County, Colorado",2020,19977.0,49.0,55176.0,31960.0,2151.0,10.767382489863342,155.0
"Chaffee County, Colorado",2021,19436.0,49.0,61216.0,34290.0,2084.0,10.722370858201275,163.0
"Cheyenne County, Colorado",2011,2247.0,40.6,47188.0,22877.0,197.0,8.767245215843346,9.0
"Cheyenne County, Colorado",2012,2095.0,41.0,50357.0,24502.0,159.0,7.5894988066825775,9.0
"Cheyenne County, Colorado",2013,2189.0,38.6,51641.0,23647.0,154.0,7.035175879396985,12.0
"Cheyenne County, Colorado",2014,2153.0,36.3,53900.0,23415.0,182.0,8.453320947515095,12.0
"Cheyenne County, Colorado",2015,2002.0,37.0,52554.0,23553.0,168.0,8.391608391608392,10.0
"Cheyenne County, Colorado",2016,2071.0,37.8,54375.0,23916.0,229.0,11.057460164171898,18.0
"Cheyenne County, Colorado",2017,2127.0,35.8,54907.0,23698.0,245.0,11.51857075693465,22.0
"Cheyenne County, Colorado",2018,2039.0,35.9,55227.0,25234.0,228.0,11.18195193722413,21.0
"Cheyenne County, Colorado",2019,2026.0,39.4,53977.0,29081.0,203.0,10.01974333662389,15.0
"Cheyenne County, Colorado",2020,1999.0,41.1,67763.0,31409.0,256.0,12.8064032016008,33.0
"Cheyenne County, Colorado",2021,1691.0,42.0,69063.0,34055.0,191.0,11.295091661738617,28.0
"Clear Creek County, Colorado",2011,9083.0,45.2,62756.0,35345.0,548.0,6.033248926566112,45.0
"Clear Creek County, Colorado",2012,9059.0,45.8,60517.0,36015.0,873.0,9.636825256650845,88.0
"Clear Creek County, Colorado",2013,9048.0,46.8,67259.0,41716.0,909.0,10.046419098143236,79.0
"Clear Creek County, Colorado",2014,9114.0,48.0,68531.0,42446.0,828.0,9.084924292297565,88.0
"Clear Creek County, Colorado",2015,9136.0,48.0,67710.0,42812.0,748.0,8.187390542907181,48.0
"Clear Creek County, Colorado",2016,9238.0,47.6,68250.0,42355.0,677.0,7.328426066248106,48.0
"Clear Creek County, Colorado",2017,9257.0,47.2,68534.0,41257.0,622.0,6.719239494436643,22.0
"Clear Creek County, Colorado",2018,9379.0,47.8,69936.0,40655.0,509.0,5.427017805736219,24.0
"Clear Creek County, Colorado",2019,9495.0,48.1,67060.0,39203.0,725.0,7.635597682991048,39.0
"Clear Creek County, Colorado",2020,9533.0,48.6,71919.0,44162.0,578.0,6.063149061155984,22.0
"Clear Creek County, Colorado",2021,9427.0,49.5,76313.0,52364.0,532.0,5.64336480322478,25.0
"Conejos County, Colorado",2011,8228.0,38.4,34435.0,18094.0,1234.0,14.997569275644143,177.0
"Conejos County, Colorado",2012,8241.0,38.2,32860.0,17929.0,1399.0,16.976095134085668,139.0
"Conejos County, Colorado",2013,8256.0,38.2,34526.0,17316.0,1585.0,19.198158914728683,173.0
"Conejos County, Colorado",2014,8276.0,38.5,37357.0,18247.0,1522.0,18.390526824552925,155.0
"Conejos County, Colorado",2015,8249.0,38.4,36652.0,18844.0,1491.0,18.074918171899625,145.0
"Conejos County, Colorado",2016,8213.0,38.7,34630.0,18221.0,1805.0,21.977352976987703,176.0
"Conejos County, Colorado",2017,8147.0,38.2,35657.0,19047.0,1709.0,20.97704676568062,183.0
"Conejos County, Colorado",2018,8142.0,39.4,34746.0,19545.0,1813.0,22.26725620240727,184.0
"Conejos County, Colorado",2019,8128.0,38.8,36084.0,20640.0,1756.0,21.60433070866142,163.0
"Conejos County, Colorado",2020,8130.0,38.5,33611.0,20139.0,1681.0,20.67650676506765,148.0
"Conejos County, Colorado",2021,7579.0,38.7,38536.0,22345.0,1232.0,16.25544267053701,128.0
"Costilla County, Colorado",2011,3556.0,46.8,25949.0,18622.0,784.0,22.04724409448819,93.0
"Costilla County, Colorado",2012,3556.0,47.4,25309.0,18856.0,874.0,24.578177727784027,92.0
"Costilla County, Colorado",2013,3552.0,49.5,29145.0,20742.0,784.0,22.07207207207207,83.0
"Costilla County, Colorado",2014,3578.0,50.6,33594.0,20592.0,893.0,24.95807713806596,113.0
"Costilla County, Colorado",2015,3581.0,49.0,31321.0,21809.0,850.0,23.736386484222283,98.0
"Costilla County, Colorado",2016,3590.0,50.5,26610.0,20238.0,1092.0,30.41782729805014,136.0
"Costilla County, Colorado",2017,3628.0,51.0,29000.0,20737.0,1073.0,29.575523704520396,133.0
"Costilla County, Colorado",2018,3687.0,51.3,30593.0,20715.0,1111.0,30.1328993761866,141.0
"Costilla County, Colorado",2019,3745.0,51.9,30965.0,21732.0,1023.0,27.316421895861147,103.0
"Costilla County, Colorado",2020,3810.0,49.6,34732.0,21893.0,1012.0,26.561679790026247,79.0
"Costilla County, Colorado",2021,3517.0,51.7,35000.0,23442.0,787.0,22.37702587432471,60.0
"Crowley County, Colorado",2011,5866.0,39.6,40636.0,17746.0,664.0,11.31946812137743,72.0
"Crowley County, Colorado",2012,5747.0,39.4,38507.0,17925.0,874.0,15.20793457456064,78.0
"Crowley County, Colorado",2013,5629.0,38.9,31477.0,17187.0,1157.0,20.554272517321017,78.0
"Crowley County, Colorado",2014,5558.0,39.9,31534.0,11726.0,1137.0,20.45699892047499,68.0
"Crowley County, Colorado",2015,5551.0,35.5,31151.0,10742.0,1449.0,26.103404791929382,81.0
"Crowley County, Colorado",2016,5537.0,39.6,31719.0,12513.0,1479.0,26.71121545963518,60.0
"Crowley County, Colorado",2017,5514.0,38.2,35292.0,14393.0,1054.0,19.114980050779835,51.0
"Crowley County, Colorado",2018,5630.0,35.6,37586.0,14988.0,1261.0,22.397868561278862,53.0
"Crowley County, Colorado",2019,5754.0,35.4,42135.0,15517.0,1339.0,23.27076816127911,61.0
"Crowley County, Colorado",2020,5733.0,38.8,40785.0,16593.0,1218.0,21.245421245421245,75.0
"Crowley County, Colorado",2021,6018.0,37.5,37870.0,15037.0,1221.0,20.28913260219342,79.0
"Custer County, Colorado",2011,3853.0,52.7,43358.0,28008.0,439.0,11.393719179859849,37.0
"Custer County, Colorado",2012,4208.0,52.7,42534.0,28019.0,572.0,13.593155893536121,55.0
"Custer County, Colorado",2013,4245.0,54.6,32427.0,25761.0,613.0,14.440518256772673,64.0
"Custer County, Colorado",2014,4274.0,57.4,32261.0,25842.0,746.0,17.454375292466075,111.0
"Custer County, Colorado",2015,4303.0,56.4,35000.0,22661.0,736.0,17.104345805252148,115.0
"Custer County, Colorado",2016,4375.0,56.8,38605.0,22333.0,772.0,17.645714285714284,128.0
"Custer County, Colorado",2017,4505.0,58.2,41330.0,26032.0,693.0,15.382907880133185,104.0
"Custer County, Colorado",2018,4640.0,58.4,44644.0,26976.0,703.0,15.150862068965518,105.0
"Custer County, Colorado",2019,4776.0,59.7,53119.0,29258.0,601.0,12.583752093802346,83.0
"Custer County, Colorado",2020,4941.0,60.1,60361.0,31608.0,377.0,7.63003440599069,35.0
"Custer County, Colorado",2021,4720.0,59.0,59877.0,35255.0,345.0,7.309322033898305,31.0
"Delta County, Colorado",2011,30666.0,45.7,41856.0,23495.0,4184.0,13.643774864670972,364.0
"Delta County, Colorado",2012,30710.0,46.1,42786.0,23890.0,4404.0,14.340605665906871,427.0
"Delta County, Colorado",2013,30659.0,46.7,42078.0,24771.0,4576.0,14.925470498059298,442.0
"Delta County, Colorado",2014,30378.0,47.1,42389.0,24590.0,4738.0,15.596813483441965,380.0
"Delta County, Colorado",2015,30214.0,47.3,42452.0,24417.0,4716.0,15.60865823790296,370.0
"Delta County, Colorado",2016,30221.0,47.5,42011.0,24261.0,4890.0,16.180801429469575,454.0
"Delta County, Colorado",2017,30217.0,47.8,42487.0,25546.0,4795.0,15.868550815765959,465.0
"Delta County, Colorado",2018,30346.0,47.6,44512.0,24886.0,5145.0,16.95445857773677,520.0
"Delta County, Colorado",2019,30565.0,47.3,45269.0,26499.0,5379.0,17.598560444953378,535.0
"Delta County, Colorado",2020,30758.0,47.7,47968.0,26642.0,5329.0,17.325573834449575,551.0
"Delta County, Colorado",2021,31133.0,47.6,51803.0,30551.0,5045.0,16.204670285549096,519.0
"Denver County, Colorado",2011,590507.0,33.7,47499.0,32051.0,108849.0,18.433143044874996,7692.0
"Denver County, Colorado",2012,604356.0,33.7,49091.0,32597.0,112183.0,18.56240361641152,7188.0
"Denver County, Colorado",2013,619297.0,33.8,50313.0,33251.0,116284.0,18.77677431022595,7014.0
"Denver County, Colorado",2014,633777.0,34.0,51800.0,34423.0,113930.0,17.97635445906052,6921.0
"Denver County, Colorado",2015,649654.0,34.1,53637.0,35218.0,110299.0,16.978114504028298,6546.0
"Denver County, Colorado",2016,663303.0,34.2,56258.0,36616.0,106745.0,16.09294696390639,6077.0
"Denver County, Colorado",2017,678467.0,34.4,60098.0,38991.0,100611.0,14.829166341177979,5760.0
"Denver County, Colorado",2018,693417.0,34.4,63793.0,41196.0,93728.0,13.516830420944396,4955.0
"Denver County, Colorado",2019,705576.0,34.5,68592.0,43770.0,89203.0,12.642578545755525,4660.0
"Denver County, Colorado",2020,715878.0,34.6,72661.0,45636.0,83516.0,11.666233631987573,4639.0
"Denver County, Colorado",2021,706799.0,34.8,78177.0,50642.0,80620.0,11.406354564734812,4958.0
"Dolores County, Colorado",2011,2043.0,43.7,44077.0,22729.0,252.0,12.334801762114537,22.0
"Dolores County, Colorado",2012,1806.0,46.5,43098.0,24392.0,251.0,13.89811738648948,25.0
"Dolores County, Colorado",2013,1709.0,48.2,37750.0,22880.0,253.0,14.803978935049736,23.0
"Dolores County, Colorado",2014,1736.0,46.3,32578.0,21543.0,347.0,19.98847926267281,31.0
"Dolores County, Colorado",2015,1862.0,39.9,31875.0,20199.0,398.0,21.37486573576799,27.0
"Dolores County, Colorado",2016,1789.0,46.0,32240.0,21112.0,346.0,19.340413638904415,31.0
"Dolores County, Colorado",2017,1736.0,49.4,40352.0,23190.0,245.0,14.112903225806452,21.0
"Dolores County, Colorado",2018,1841.0,51.8,41714.0,24505.0,250.0,13.579576317218903,21.0
"Dolores County, Colorado",2019,1857.0,48.8,45972.0,26323.0,246.0,13.247172859450727,13.0
"Dolores County, Colorado",2020,1896.0,57.5,56786.0,31290.0,130.0,6.856540084388186,10.0
"Dolores County, Colorado",2021,2288.0,58.6,62500.0,36003.0,283.0,12.368881118881118,32.0
"Douglas County, Colorado",2011,280643.0,36.2,101193.0,43461.0,9663.0,3.4431644473583876,870.0
"Douglas County, Colorado",2012,286883.0,36.7,101108.0,43195.0,11538.0,4.021848628186404,926.0
"Douglas County, Colorado",2013,293014.0,36.9,101591.0,43634.0,11248.0,3.8387244295494414,1000.0
"Douglas County, Colorado",2014,299794.0,37.2,102626.0,44105.0,12240.0,4.082803525087226,962.0
"Douglas County, Colorado",2015,306974.0,37.6,102964.0,45500.0,12110.0,3.944959507971359,1161.0
"Douglas County, Colorado",2016,314238.0,37.8,105759.0,47062.0,11807.0,3.7573431602797878,1223.0
"Douglas County, Colorado",2017,320940.0,38.1,111154.0,48725.0,11636.0,3.6255998005857792,1247.0
"Douglas County, Colorado",2018,328614.0,38.4,115314.0,51017.0,11333.0,3.448727077969898,1126.0
"Douglas County, Colorado",2019,336041.0,38.7,119730.0,53313.0,10275.0,3.057662606646213,927.0
"Douglas County, Colorado",2020,344280.0,39.0,121393.0,53836.0,10911.0,3.1692227256883934,1012.0
"Douglas County, Colorado",2021,351929.0,39.1,127443.0,57481.0,10594.0,3.0102662752998475,942.0
"Eagle County, Colorado",2011,51457.0,33.6,70914.0,38174.0,5266.0,10.233787434168335,408.0
"Eagle County, Colorado",2012,51850.0,34.2,71030.0,38665.0,5138.0,9.909353905496625,483.0
"Eagle County, Colorado",2013,52151.0,34.7,74456.0,39497.0,5666.0,10.864604705566528,474.0
"Eagle County, Colorado",2014,52233.0,35.1,73774.0,39355.0,5166.0,9.8902992361151,395.0
"Eagle County, Colorado",2015,52576.0,35.6,72214.0,38193.0,4780.0,9.091600730371272,361.0
"Eagle County, Colorado",2016,52894.0,35.9,78763.0,38604.0,4237.0,8.010360343328166,325.0
"Eagle County, Colorado",2017,53726.0,36.5,83803.0,40450.0,4128.0,7.6834307411681495,221.0
"Eagle County, Colorado",2018,54357.0,36.5,84685.0,41064.0,3793.0,6.9779421233695755,268.0
"Eagle County, Colorado",2019,54681.0,37.0,84790.0,44391.0,4354.0,7.962546405515627,339.0
"Eagle County, Colorado",2020,54960.0,36.8,85877.0,47406.0,5033.0,9.157569141193596,392.0
"Eagle County, Colorado",2021,55693.0,37.8,91338.0,49010.0,5102.0,9.160935844720163,354.0
"El Paso County, Colorado",2011,611377.0,34.2,57079.0,28624.0,69255.0,11.32770778096003,4850.0
"El Paso County, Colorado",2012,622816.0,34.1,57531.0,28776.0,75363.0,12.100363510250219,5351.0
"El Paso County, Colorado",2013,634423.0,33.8,57125.0,28867.0,76520.0,12.061353387251092,5363.0
"El Paso County, Colorado",2014,645707.0,33.6,57487.0,29314.0,78493.0,12.156132735125993,5512.0
"El Paso County, Colorado",2015,655024.0,33.6,58206.0,29659.0,75033.0,11.45500012213293,5129.0
"El Paso County, Colorado",2016,665171.0,33.8,60219.0,30261.0,73012.0,10.97642561085796,5003.0
"El Paso County, Colorado",2017,674826.0,34.0,62535.0,31217.0,72699.0,10.772999262031991,4975.0
"El Paso County, Colorado",2018,688153.0,34.1,65334.0,32348.0,72948.0,10.600549587083105,4931.0
"El Paso County, Colorado",2019,698974.0,34.2,68779.0,33728.0,68548.0,9.806945608849542,4530.0
"El Paso County, Colorado",2020,710499.0,34.4,71517.0,35177.0,67975.0,9.567219658296493,4730.0
"El Paso County, Colorado",2021,722736.0,34.6,75909.0,37619.0,67252.0,9.305195811471963,4409.0
"Elbert County, Colorado",2011,22859.0,42.3,79367.0,34527.0,1315.0,5.752657596570279,107.0
"Elbert County, Colorado",2012,23058.0,43.0,80811.0,35034.0,1384.0,6.002255182583052,115.0
"Elbert County, Colorado",2013,23295.0,43.8,82118.0,36077.0,1503.0,6.4520283322601415,150.0
"Elbert County, Colorado",2014,23545.0,44.5,82154.0,36421.0,1712.0,7.271182841367594,140.0
"Elbert County, Colorado",2015,23855.0,45.1,84963.0,38021.0,1649.0,6.912596939844896,190.0
"Elbert County, Colorado",2016,24225.0,45.4,87288.0,39360.0,1221.0,5.040247678018575,169.0
"Elbert County, Colorado",2017,24553.0,45.6,92849.0,42522.0,1160.0,4.724473587748951,168.0
"Elbert County, Colorado",2018,25162.0,46.1,96658.0,43349.0,1110.0,4.411414037039981,152.0
"Elbert County, Colorado",2019,25717.0,46.1,99199.0,44690.0,1230.0,4.782828479216083,178.0
"Elbert County, Colorado",2020,26230.0,46.2,104231.0,43911.0,1264.0,4.818909645444148,149.0
"Elbert County, Colorado",2021,25897.0,46.2,114904.0,50147.0,1084.0,4.185813028536124,117.0
"Fremont County, Colorado",2011,47040.0,42.9,38979.0,19657.0,5674.0,12.062074829931973,630.0
"Fremont County, Colorado",2012,47006.0,43.0,40893.0,19379.0,5376.0,11.436837850487171,583.0
"Fremont County, Colorado",2013,46850.0,43.4,39943.0,18954.0,6262.0,13.36606189967983,747.0
"Fremont County, Colorado",2014,46879.0,43.3,40569.0,19161.0,6274.0,13.38339128394377,680.0
"Fremont County, Colorado",2015,46809.0,43.5,40423.0,18619.0,6272.0,13.399132645431434,635.0
"Fremont County, Colorado",2016,46835.0,44.3,42308.0,19427.0,6012.0,12.836553859293264,645.0
"Fremont County, Colorado",2017,46601.0,44.8,44712.0,20919.0,5654.0,12.132786850067594,549.0
"Fremont County, Colorado",2018,47002.0,44.9,46296.0,21965.0,5547.0,11.801625462746266,517.0
"Fremont County, Colorado",2019,47321.0,45.1,49409.0,22692.0,5226.0,11.043722660129752,440.0
"Fremont County, Colorado",2020,47725.0,45.2,52364.0,24703.0,4864.0,10.191723415400734,437.0
"Fremont County, Colorado",2021,49007.0,44.8,53411.0,25371.0,5389.0,10.996388271063317,412.0
"Garfield County, Colorado",2011,55696.0,34.2,63929.0,27901.0,5759.0,10.3400603274921,474.0
"Garfield County, Colorado",2012,56330.0,34.7,60215.0,26989.0,6031.0,10.706550683472395,526.0
"Garfield County, Colorado",2013,56687.0,35.1,57022.0,26603.0,6598.0,11.6393529380634,637.0
"Garfield County, Colorado",2014,56684.0,35.6,57214.0,27022.0,6503.0,11.472373156446263,743.0
"Garfield County, Colorado",2015,57076.0,35.9,56590.0,27574.0,6786.0,11.889410610414185,850.0
"Garfield County, Colorado",2016,57495.0,36.1,61300.0,29179.0,6274.0,10.912253239412124,690.0
"Garfield County, Colorado",2017,57945.0,36.2,66503.0,31483.0,5449.0,9.403744930537579,622.0
"Garfield County, Colorado",2018,58538.0,36.3,72898.0,32491.0,4662.0,7.964057535276231,504.0
"Garfield County, Colorado",2019,59055.0,36.5,75937.0,33393.0,5009.0,8.481923630513927,489.0
"Garfield County, Colorado",2020,59605.0,36.6,75435.0,33826.0,4454.0,7.472527472527473,349.0
"Garfield County, Colorado",2021,61221.0,36.8,77212.0,35608.0,4771.0,7.793077538753042,420.0
"Gilpin County, Colorado",2011,5241.0,44.7,59394.0,33439.0,508.0,9.69280671627552,30.0
"Gilpin County, Colorado",2012,5358.0,44.5,62286.0,35473.0,547.0,10.20903322135125,58.0
"Gilpin County, Colorado",2013,5477.0,44.8,63885.0,38022.0,589.0,10.754062442943217,49.0
"Gilpin County, Colorado",2014,5557.0,43.3,65851.0,37375.0,568.0,10.22134245096275,58.0
"Gilpin County, Colorado",2015,5605.0,44.7,65670.0,38361.0,413.0,7.368421052631579,66.0
"Gilpin County, Colorado",2016,5708.0,44.8,67544.0,37027.0,392.0,6.867554309740715,63.0
"Gilpin County, Colorado",2017,5793.0,45.2,72544.0,45110.0,315.0,5.4375970999482135,25.0
"Gilpin County, Colorado",2018,5924.0,45.7,75120.0,48460.0,238.0,4.017555705604321,21.0
"Gilpin County, Colorado",2019,6018.0,49.0,76429.0,49641.0,286.0,4.752409438351612,11.0
"Gilpin County, Colorado",2020,6108.0,49.1,90547.0,59076.0,326.0,5.337262606417813,26.0
"Gilpin County, Colorado",2021,5812.0,49.2,96784.0,66627.0,454.0,7.811424638678596,17.0
"Grand County, Colorado",2011,14634.0,41.1,64281.0,30519.0,1261.0,8.616919502528358,126.0
"Grand County, Colorado",2012,14608.0,41.1,64416.0,31319.0,1255.0,8.59118291347207,105.0
"Grand County, Colorado",2013,14535.0,41.5,64664.0,31684.0,1602.0,11.021671826625386,72.0
"Grand County, Colorado",2014,14478.0,42.0,64109.0,31713.0,1736.0,11.990606437353225,109.0
"Grand County, Colorado",2015,14411.0,42.5,63628.0,31432.0,1543.0,10.707098744014989,106.0
"Grand County, Colorado",2016,14490.0,43.0,67623.0,32348.0,1523.0,10.510697032436163,90.0
"Grand County, Colorado",2017,14793.0,44.1,66489.0,32919.0,1927.0,13.026431420266341,124.0
"Grand County, Colorado",2018,15066.0,43.5,70469.0,34717.0,1691.0,11.223947962299217,118.0
"Grand County, Colorado",2019,15303.0,42.9,71198.0,37876.0,1440.0,9.409919623603216,57.0
"Grand County, Colorado",2020,15536.0,43.5,71769.0,39547.0,1405.0,9.043511843460351,67.0
"Grand County, Colorado",2021,15629.0,43.6,69353.0,39377.0,1677.0,10.73005310640476,67.0
"Gunnison County, Colorado",2011,15274.0,33.5,50073.0,28862.0,1949.0,12.760246169962027,60.0
"Gunnison County, Colorado",2012,15385.0,34.3,50091.0,28280.0,2324.0,15.105622359441014,74.0
"Gunnison County, Colorado",2013,15421.0,34.1,52332.0,27654.0,2545.0,16.50346929511705,92.0
"Gunnison County, Colorado",2014,15503.0,34.2,51371.0,27070.0,2570.0,16.577436625169323,106.0
"Gunnison County, Colorado",2015,15651.0,34.3,48071.0,25584.0,2509.0,16.03092454156284,106.0
"Gunnison County, Colorado",2016,15889.0,34.4,50746.0,25920.0,2319.0,14.595002832148026,71.0
"Gunnison County, Colorado",2017,16215.0,34.5,52651.0,27669.0,2170.0,13.382670366944188,84.0
"Gunnison County, Colorado",2018,16537.0,34.5,54979.0,30127.0,2084.0,12.60204390155409,79.0
"Gunnison County, Colorado",2019,16802.0,34.5,56577.0,32191.0,2154.0,12.819902392572313,70.0
"Gunnison County, Colorado",2020,17119.0,34.8,60557.0,33727.0,2034.0,11.881535136398155,79.0
"Gunnison County, Colorado",2021,16851.0,36.1,63341.0,37642.0,2080.0,12.343481099044567,87.0
"Hinsdale County, Colorado",2011,731.0,54.9,77321.0,38528.0,27.0,3.6935704514363885,8.0
"Hinsdale County, Colorado",2012,790.0,56.5,54844.0,36524.0,40.0,5.063291139240507,9.0
"Hinsdale County, Colorado",2013,809.0,56.5,56667.0,36365.0,41.0,5.067985166872682,7.0
"Hinsdale County, Colorado",2014,871.0,57.5,55682.0,36046.0,65.0,7.462686567164179,12.0
"Hinsdale County, Colorado",2015,874.0,55.2,57083.0,33816.0,70.0,8.009153318077804,9.0
"Hinsdale County, Colorado",2016,856.0,56.4,51250.0,29958.0,96.0,11.214953271028037,16.0
"Hinsdale County, Colorado",2017,820.0,57.2,53056.0,29574.0,98.0,11.951219512195122,15.0
"Hinsdale County, Colorado",2018,878.0,57.5,52188.0,34644.0,114.0,12.984054669703873,22.0
"Hinsdale County, Colorado",2019,857.0,56.1,56339.0,33570.0,84.0,9.801633605600934,14.0
"Hinsdale County, Colorado",2020,781.0,55.5,39038.0,34595.0,80.0,10.243277848911651,15.0
"Hinsdale County, Colorado",2021,858.0,56.9,45714.0,39213.0,80.0,9.324009324009324,7.0
"Huerfano County, Colorado",2011,6829.0,50.8,29737.0,22167.0,1340.0,19.62219944354957,185.0
"Huerfano County, Colorado",2012,6730.0,51.5,32754.0,23387.0,1254.0,18.632986627043092,145.0
"Huerfano County, Colorado",2013,6625.0,52.6,33298.0,24058.0,1265.0,19.09433962264151,141.0
"Huerfano County, Colorado",2014,6550.0,52.1,32932.0,23440.0,1224.0,18.68702290076336,116.0
"Huerfano County, Colorado",2015,6502.0,53.5,31715.0,23467.0,1171.0,18.009843125192248,72.0
"Huerfano County, Colorado",2016,6521.0,54.5,33257.0,25062.0,1086.0,16.6538874405766,50.0
"Huerfano County, Colorado",2017,6498.0,54.9,35801.0,25547.0,937.0,14.419821483533395,53.0
"Huerfano County, Colorado",2018,6583.0,55.1,36705.0,25636.0,1024.0,15.555217985720796,93.0
"Huerfano County, Colorado",2019,6679.0,55.0,38137.0,25140.0,1030.0,15.421470279982033,78.0
"Huerfano County, Colorado",2020,6769.0,55.6,40255.0,25839.0,1066.0,15.748264145368593,111.0
"Huerfano County, Colorado",2021,6787.0,55.4,45724.0,26111.0,1168.0,17.209370856048327,107.0
"Jackson County, Colorado",2011,1494.0,45.8,48571.0,24466.0,221.0,14.792503346720213,43.0
"Jackson County, Colorado",2012,1397.0,46.5,45298.0,24803.0,171.0,12.24051539012169,26.0
"Jackson County, Colorado",2013,1371.0,46.7,43606.0,25936.0,121.0,8.825674690007293,6.0
"Jackson County, Colorado",2014,1389.0,46.5,45606.0,25818.0,203.0,14.614830813534917,22.0
"Jackson County, Colorado",2015,1335.0,50.8,46014.0,27938.0,155.0,11.610486891385769,13.0
"Jackson County, Colorado",2016,1306.0,51.2,45053.0,26798.0,179.0,13.705972434915774,21.0
"Jackson County, Colorado",2017,1372.0,49.2,45994.0,24299.0,175.0,12.755102040816327,17.0
"Jackson County, Colorado",2018,1296.0,50.9,48828.0,25467.0,202.0,15.58641975308642,23.0
"Jackson County, Colorado",2019,1261.0,51.6,53300.0,28199.0,121.0,9.595559080095162,11.0
"Jackson County, Colorado",2020,1316.0,53.9,46157.0,30813.0,119.0,9.042553191489361,9.0
"Jackson County, Colorado",2021,1375.0,55.0,44667.0,28619.0,200.0,14.545454545454545,6.0
"Jefferson County, Colorado",2011,532243.0,40.0,67827.0,35587.0,44489.0,8.358775972629044,3475.0
"Jefferson County, Colorado",2012,536095.0,40.2,68748.0,36069.0,45532.0,8.493270782230761,3349.0
"Jefferson County, Colorado",2013,540669.0,40.4,68984.0,36087.0,45991.0,8.506313474602761,3355.0
"Jefferson County, Colorado",2014,546162.0,40.4,69698.0,36427.0,47009.0,8.60715318898056,3313.0
"Jefferson County, Colorado",2015,552344.0,40.4,70164.0,37065.0,46423.0,8.40472604029373,3165.0
"Jefferson County, Colorado",2016,558810.0,40.5,72017.0,38367.0,44629.0,7.986435461069058,2993.0
"Jefferson County, Colorado",2017,564029.0,40.4,75170.0,40187.0,43339.0,7.683824767875411,2970.0
"Jefferson County, Colorado",2018,570427.0,40.4,78943.0,41930.0,41438.0,7.264382646683975,2455.0
"Jefferson County, Colorado",2019,574798.0,40.3,82986.0,44119.0,40118.0,6.979495405342399,2413.0
"Jefferson County, Colorado",2020,578795.0,40.2,87793.0,45581.0,38346.0,6.625143617342928,2269.0
"Jefferson County, Colorado",2021,580130.0,40.2,93933.0,49213.0,38940.0,6.71228862496337,2274.0
"Kiowa County, Colorado",2011,1728.0,43.2,41542.0,24098.0,223.0,12.905092592592593,11.0
"Kiowa County, Colorado",2012,1393.0,40.1,41739.0,21960.0,205.0,14.716439339554917,14.0
"Kiowa County, Colorado",2013,1423.0,40.9,40813.0,22482.0,243.0,17.07659873506676,14.0
"Kiowa County, Colorado",2014,1407.0,40.4,39375.0,22173.0,203.0,14.427860696517413,14.0
"Kiowa County, Colorado",2015,1463.0,41.2,40304.0,22731.0,189.0,12.91866028708134,16.0
"Kiowa County, Colorado",2016,1465.0,40.7,38385.0,21602.0,154.0,10.511945392491468,15.0
"Kiowa County, Colorado",2017,1368.0,41.1,39250.0,23621.0,142.0,10.380116959064328,5.0
"Kiowa County, Colorado",2018,1449.0,40.4,39784.0,24012.0,160.0,11.042097998619738,9.0
"Kiowa County, Colorado",2019,1489.0,42.5,41731.0,25937.0,177.0,11.887172599059772,8.0
"Kiowa County, Colorado",2020,1463.0,39.8,39503.0,23275.0,194.0,13.260423786739576,8.0
"Kiowa County, Colorado",2021,1414.0,41.6,45476.0,26540.0,183.0,12.942008486562942,10.0
"Kit Carson County, Colorado",2011,8178.0,38.7,43194.0,21674.0,843.0,10.308143800440206,61.0
"Kit Carson County, Colorado",2012,8210.0,39.0,42832.0,20846.0,871.0,10.609013398294762,69.0
"Kit Carson County, Colorado",2013,8189.0,38.8,44157.0,21850.0,1027.0,12.541213823421662,116.0
"Kit Carson County, Colorado",2014,8122.0,38.4,41495.0,21330.0,1135.0,13.974390544200936,94.0
"Kit Carson County, Colorado",2015,7980.0,38.9,40603.0,21769.0,1157.0,14.49874686716792,79.0
"Kit Carson County, Colorado",2016,8174.0,39.2,44449.0,24327.0,1033.0,12.637631514558356,96.0
"Kit Carson County, Colorado",2017,7846.0,38.4,45881.0,26125.0,814.0,10.37471322967117,51.0
"Kit Carson County, Colorado",2018,7635.0,38.5,51046.0,27471.0,705.0,9.233791748526523,36.0
"Kit Carson County, Colorado",2019,7447.0,38.3,49349.0,27797.0,421.0,5.65328320128911,52.0
"Kit Carson County, Colorado",2020,7246.0,38.4,50411.0,29276.0,520.0,7.176373171404913,58.0
"Kit Carson County, Colorado",2021,7071.0,38.9,52917.0,33007.0,642.0,9.079338141705557,80.0
"La Plata County, Colorado",2011,50820.0,38.1,56910.0,30592.0,5172.0,10.177095631641086,323.0
"La Plata County, Colorado",2012,51443.0,37.7,57407.0,30562.0,5510.0,10.710883890908384,316.0
"La Plata County, Colorado",2013,52039.0,38.3,58080.0,30151.0,5687.0,10.928342204884798,358.0
"La Plata County, Colorado",2014,52547.0,38.5,58456.0,31016.0,5609.0,10.674253525415342,337.0
"La Plata County, Colorado",2015,53182.0,38.8,60278.0,31822.0,5432.0,10.213982174419916,325.0
"La Plata County, Colorado",2016,53994.0,39.0,61910.0,32953.0,5569.0,10.314108975071305,345.0
"La Plata County, Colorado",2017,54469.0,39.7,62533.0,34501.0,5045.0,9.262149112339129,304.0
"La Plata County, Colorado",2018,55101.0,39.9,64372.0,37864.0,4609.0,8.364639480227218,314.0
"La Plata County, Colorado",2019,55617.0,40.4,68685.0,39493.0,4919.0,8.844418073610587,326.0
"La Plata County, Colorado",2020,56138.0,40.8,69291.0,38841.0,5608.0,9.98966831736079,418.0
"La Plata County, Colorado",2021,55673.0,41.3,75089.0,40529.0,5222.0,9.379771163759811,347.0
"Lake County, Colorado",2011,7010.0,34.5,40543.0,21063.0,1524.0,21.74037089871612,92.0
"Lake County, Colorado",2012,7372.0,34.2,45082.0,22622.0,1114.0,15.111231687466088,64.0
"Lake County, Colorado",2013,7332.0,34.9,44610.0,25029.0,1032.0,14.075286415711947,62.0
"Lake County, Colorado",2014,7311.0,39.0,46174.0,25998.0,872.0,11.92723293667077,33.0
"Lake County, Colorado",2015,7362.0,39.0,45367.0,24399.0,833.0,11.314860092366205,57.0
"Lake County, Colorado",2016,7401.0,39.4,46928.0,26693.0,836.0,11.295770841778138,44.0
"Lake County, Colorado",2017,7481.0,39.3,46176.0,28492.0,939.0,12.55179788798289,64.0
"Lake County, Colorado",2018,7585.0,37.8,46918.0,28062.0,1232.0,16.242584047462095,98.0
"Lake County, Colorado",2019,7751.0,36.7,50565.0,29122.0,1110.0,14.320732808669849,67.0
"Lake County, Colorado",2020,7845.0,37.8,65858.0,35264.0,1041.0,13.269598470363288,18.0
"Lake County, Colorado",2021,7417.0,35.4,73099.0,37837.0,568.0,7.658082782796279,20.0
"Larimer County, Colorado",2011,296107.0,35.1,57215.0,30276.0,38585.0,13.030762528410339,2342.0
"Larimer County, Colorado",2012,300870.0,35.4,57927.0,30684.0,40034.0,13.306079037458039,2485.0
"Larimer County, Colorado",2013,305798.0,35.5,58626.0,30740.0,41846.0,13.684196757336542,2373.0
"Larimer County, Colorado",2014,311435.0,35.5,58844.0,31082.0,41375.0,13.285276221362404,2236.0
"Larimer County, Colorado",2015,318227.0,35.5,59805.0,31304.0,42338.0,13.304339355240128,2239.0
"Larimer County, Colorado",2016,325228.0,35.6,61942.0,32433.0,41640.0,12.803325666916747,2107.0
"Larimer County, Colorado",2017,330976.0,35.7,64980.0,34087.0,40006.0,12.087281253021366,2061.0
"Larimer County, Colorado",2018,338161.0,35.9,67664.0,35390.0,39489.0,11.677573700101432,2288.0
"Larimer County, Colorado",2019,344786.0,36.0,71881.0,37363.0,38822.0,11.259737924393681,2132.0
"Larimer County, Colorado",2020,350523.0,36.2,76366.0,38142.0,37805.0,10.78531223343404,1631.0
"Larimer County, Colorado",2021,354670.0,36.3,80664.0,42596.0,38493.0,10.853187470042576,1911.0
"Las Animas County, Colorado",2011,15549.0,43.6,40617.0,22357.0,2727.0,17.538105344395138,278.0
"Las Animas County, Colorado",2012,15385.0,44.2,41623.0,21941.0,2769.0,17.99805004874878,269.0
"Las Animas County, Colorado",2013,15136.0,44.4,42261.0,22180.0,2599.0,17.17098308668076,226.0
"Las Animas County, Colorado",2014,14789.0,44.6,45707.0,23365.0,2323.0,15.707620528771384,184.0
"Las Animas County, Colorado",2015,14503.0,45.0,45067.0,22935.0,2055.0,14.169482176101496,146.0
"Las Animas County, Colorado",2016,14322.0,45.7,42808.0,23857.0,1926.0,13.447842480100544,193.0
"Las Animas County, Colorado",2017,14151.0,46.0,40586.0,24268.0,2266.0,16.01300261465621,260.0
"Las Animas County, Colorado",2018,14179.0,46.1,41945.0,25118.0,2426.0,17.10981028281261,212.0
"Las Animas County, Colorado",2019,14266.0,45.9,41817.0,25813.0,2474.0,17.341931865975045,214.0
"Las Animas County, Colorado",2020,14323.0,46.2,44159.0,26918.0,2466.0,17.217063464358027,202.0
"Las Animas County, Colorado",2021,14531.0,46.4,45118.0,26521.0,2945.0,20.267015346500585,189.0
"Lincoln County, Colorado",2011,5462.0,39.9,43375.0,20579.0,452.0,8.275357012083486,43.0
"Lincoln County, Colorado",2012,5443.0,39.4,43807.0,19858.0,399.0,7.330516259415764,26.0
"Lincoln County, Colorado",2013,5442.0,39.3,41910.0,19703.0,532.0,9.775817714075707,51.0
"Lincoln County, Colorado",2014,5462.0,38.7,43701.0,17594.0,620.0,11.351153423654338,70.0
"Lincoln County, Colorado",2015,5478.0,37.8,39005.0,15203.0,624.0,11.391018619934282,67.0
"Lincoln County, Colorado",2016,5515.0,37.5,40438.0,14210.0,597.0,10.825022665457842,61.0
"Lincoln County, Colorado",2017,5520.0,38.5,44725.0,14765.0,492.0,8.91304347826087,57.0
"Lincoln County, Colorado",2018,5548.0,37.9,49423.0,16219.0,475.0,8.561643835616438,41.0
"Lincoln County, Colorado",2019,5585.0,38.0,47258.0,16753.0,515.0,9.221128021486123,26.0
"Lincoln County, Colorado",2020,5608.0,37.7,47042.0,16755.0,472.0,8.41654778887304,34.0
"Lincoln County, Colorado",2021,5630.0,38.4,46894.0,19758.0,478.0,8.490230905861457,32.0
"Logan County, Colorado",2011,22417.0,38.1,42324.0,23601.0,3219.0,14.359637774902975,181.0
"Logan County, Colorado",2012,22541.0,37.5,41369.0,22815.0,3426.0,15.1989707643849,232.0
"Logan County, Colorado",2013,22607.0,37.2,40415.0,22581.0,3788.0,16.75587207502101,262.0
"Logan County, Colorado",2014,22604.0,37.1,41749.0,23533.0,3630.0,16.0591045832596,262.0
"Logan County, Colorado",2015,21928.0,37.6,42319.0,23916.0,3529.0,16.093578985771614,230.0
"Logan County, Colorado",2016,21862.0,37.1,43340.0,23692.0,3394.0,15.524654651907419,151.0
"Logan County, Colorado",2017,21885.0,37.5,44876.0,24595.0,3500.0,15.992689056431345,198.0
"Logan County, Colorado",2018,21689.0,38.4,48922.0,25776.0,3117.0,14.371340310756604,182.0
"Logan County, Colorado",2019,22380.0,38.2,53318.0,26727.0,2701.0,12.068811438784628,141.0
"Logan County, Colorado",2020,22282.0,38.9,49560.0,26281.0,2304.0,10.340184902611973,174.0
"Logan County, Colorado",2021,21765.0,38.1,50998.0,27849.0,2350.0,10.797151389846084,206.0
"Mesa County, Colorado",2011,144766.0,37.9,52986.0,27680.0,18052.0,12.46977881546772,1215.0
"Mesa County, Colorado",2012,146562.0,37.9,51029.0,27030.0,19230.0,13.120727064314078,1403.0
"Mesa County, Colorado",2013,147432.0,38.2,49471.0,26700.0,21157.0,14.350344565630257,1495.0
"Mesa County, Colorado",2014,147509.0,38.2,48610.0,26518.0,22726.0,15.406517568419554,1439.0
"Mesa County, Colorado",2015,147834.0,38.4,49322.0,26569.0,22545.0,15.250213076829416,1399.0
"Mesa County, Colorado",2016,148166.0,38.8,50070.0,26731.0,23633.0,15.950352982465613,1341.0
"Mesa County, Colorado",2017,148798.0,38.9,51971.0,27612.0,23238.0,15.617145391739136,1512.0
"Mesa County, Colorado",2018,149998.0,39.1,53683.0,28518.0,22978.0,15.318870918278911,1374.0
"Mesa County, Colorado",2019,151218.0,39.7,55379.0,29596.0,21032.0,13.908397148487614,1359.0
"Mesa County, Colorado",2020,152962.0,40.0,57157.0,29783.0,19425.0,12.699232489114944,1150.0
"Mesa County, Colorado",2021,154685.0,40.3,62127.0,33073.0,17937.0,11.595823770889227,1170.0
"Mineral County, Colorado",2011,723.0,58.5,54375.0,50502.0,51.0,7.053941908713693,7.0
"Mineral County, Colorado",2012,702.0,60.3,52750.0,42539.0,47.0,6.695156695156695,4.0
"Mineral County, Colorado",2013,761.0,60.8,47083.0,42255.0,49.0,6.438896189224704,3.0
"Mineral County, Colorado",2014,704.0,61.2,47986.0,34305.0,48.0,6.818181818181818,0.0
"Mineral County, Colorado",2015,733.0,60.9,48125.0,32271.0,56.0,7.639836289222374,2.0
"Mineral County, Colorado",2016,793.0,61.2,49125.0,35041.0,65.0,8.19672131147541,2.0
"Mineral County, Colorado",2017,834.0,58.5,50385.0,33018.0,100.0,11.990407673860911,6.0
"Mineral County, Colorado",2018,823.0,58.6,61058.0,35229.0,99.0,12.029161603888214,7.0
"Mineral County, Colorado",2019,824.0,56.1,62188.0,33955.0,113.0,13.71359223300971,11.0
"Mineral County, Colorado",2020,853.0,51.0,53571.0,30908.0,127.0,14.88862837045721,6.0
"Mineral County, Colorado",2021,794.0,50.8,55556.0,33849.0,95.0,11.964735516372796,9.0
"Moffat County, Colorado",2011,13586.0,36.4,50758.0,23810.0,1780.0,13.101722361254232,204.0
"Moffat County, Colorado",2012,13547.0,36.4,51008.0,23974.0,1606.0,11.855023252380601,167.0
"Moffat County, Colorado",2013,13447.0,36.3,53231.0,24577.0,1515.0,11.266453484048487,143.0
"Moffat County, Colorado",2014,13286.0,36.7,50123.0,24623.0,1516.0,11.41050730091826,135.0
"Moffat County, Colorado",2015,13117.0,37.1,51387.0,24624.0,1462.0,11.145841274681711,103.0
"Moffat County, Colorado",2016,13034.0,37.7,53664.0,26344.0,1419.0,10.88691115543962,71.0
"Moffat County, Colorado",2017,13056.0,37.7,53010.0,27331.0,1305.0,9.995404411764707,101.0
"Moffat County, Colorado",2018,13060.0,37.8,52807.0,27845.0,1796.0,13.751914241960185,129.0
"Moffat County, Colorado",2019,13127.0,36.6,57229.0,29100.0,2206.0,16.805058276834007,146.0
"Moffat County, Colorado",2020,13150.0,36.7,54583.0,29059.0,2320.0,17.6425855513308,229.0
"Moffat County, Colorado",2021,13240.0,37.4,58583.0,29451.0,2320.0,17.522658610271904,281.0
"Montezuma County, Colorado",2011,25372.0,42.5,45623.0,25612.0,4218.0,16.624625571496136,467.0
"Montezuma County, Colorado",2012,25424.0,42.8,44102.0,24731.0,4911.0,19.31639395846444,502.0
"Montezuma County, Colorado",2013,25512.0,42.9,43188.0,23548.0,4831.0,18.936186892442773,441.0
"Montezuma County, Colorado",2014,25569.0,43.1,43431.0,23611.0,4636.0,18.131330908522038,388.0
"Montezuma County, Colorado",2015,25700.0,43.4,43553.0,23470.0,4550.0,17.704280155642024,346.0
"Montezuma County, Colorado",2016,26006.0,43.4,41622.0,22738.0,4811.0,18.499577020687532,361.0
"Montezuma County, Colorado",2017,25770.0,44.1,45645.0,24440.0,4275.0,16.589057043073343,342.0
"Montezuma County, Colorado",2018,25909.0,44.4,46797.0,25161.0,4140.0,15.979003435099772,341.0
"Montezuma County, Colorado",2019,26031.0,45.2,49470.0,26072.0,3902.0,14.989819830202451,269.0
"Montezuma County, Colorado",2020,26266.0,45.2,50717.0,26564.0,3228.0,12.289652021624914,262.0
"Montezuma County, Colorado",2021,25916.0,45.0,58335.0,28520.0,3142.0,12.12378453465041,325.0
"Montrose County, Colorado",2011,40812.0,42.0,47479.0,23498.0,5096.0,12.486523571498578,490.0
"Montrose County, Colorado",2012,40994.0,42.6,47139.0,23018.0,5565.0,13.575157340098551,683.0
"Montrose County, Colorado",2013,41020.0,42.8,45718.0,22897.0,6484.0,15.806923451974647,729.0
"Montrose County, Colorado",2014,40885.0,43.5,44885.0,23408.0,6915.0,16.91329338388162,743.0
"Montrose County, Colorado",2015,40815.0,44.2,43999.0,23144.0,7644.0,18.72840867328188,864.0
"Montrose County, Colorado",2016,40866.0,44.6,43890.0,23276.0,7278.0,17.80942592864484,865.0
"Montrose County, Colorado",2017,40908.0,44.7,44865.0,24308.0,7189.0,17.573579739904176,756.0
"Montrose County, Colorado",2018,41268.0,45.1,48739.0,25803.0,6812.0,16.506736454395657,775.0
"Montrose County, Colorado",2019,41686.0,45.2,50489.0,28078.0,6226.0,14.935469941946936,754.0
"Montrose County, Colorado",2020,42280.0,45.5,54611.0,30017.0,5164.0,12.213812677388836,629.0
"Montrose County, Colorado",2021,42328.0,45.6,57225.0,31403.0,4844.0,11.443961443961443,474.0
"Morgan County, Colorado",2011,27943.0,36.2,42792.0,19753.0,4058.0,14.522420642021258,405.0
"Morgan County, Colorado",2012,28200.0,36.0,42829.0,20276.0,4002.0,14.191489361702128,378.0
"Morgan County, Colorado",2013,28308.0,36.0,43774.0,20680.0,3679.0,12.996326126889926,301.0
"Morgan County, Colorado",2014,28342.0,36.5,46223.0,21297.0,3404.0,12.010443864229766,262.0
"Morgan County, Colorado",2015,28359.0,36.4,48450.0,22101.0,3218.0,11.347367678691068,205.0
"Morgan County, Colorado",2016,28288.0,36.6,49495.0,23408.0,2986.0,10.555712669683258,191.0
"Morgan County, Colorado",2017,28123.0,36.6,51456.0,24077.0,2579.0,9.170429897237137,172.0
"Morgan County, Colorado",2018,28257.0,36.3,51626.0,24189.0,2787.0,9.863042785858372,192.0
"Morgan County, Colorado",2019,28517.0,36.2,53682.0,25064.0,3078.0,10.793561735105376,162.0
"Morgan County, Colorado",2020,28617.0,36.2,58468.0,24800.0,3038.0,10.616067372540797,165.0
"Morgan County, Colorado",2021,28868.0,36.1,62914.0,26919.0,3404.0,11.791603159207426,198.0
"Otero County, Colorado",2011,18795.0,40.4,31246.0,17396.0,4650.0,24.740622505985634,280.0
"Otero County, Colorado",2012,18791.0,40.6,31860.0,18416.0,4502.0,23.9582778989942,294.0
"Otero County, Colorado",2013,18817.0,40.5,33848.0,19078.0,4573.0,24.30249242706064,319.0
"Otero County, Colorado",2014,18712.0,39.8,32594.0,18868.0,4661.0,24.909149209063703,338.0
"Otero County, Colorado",2015,18572.0,39.7,32311.0,19228.0,4396.0,23.67004092181779,350.0
"Otero County, Colorado",2016,18440.0,40.3,34477.0,19842.0,4154.0,22.52711496746204,368.0
"Otero County, Colorado",2017,18325.0,40.2,35051.0,20358.0,4085.0,22.291950886766713,335.0
"Otero County, Colorado",2018,18325.0,40.2,34136.0,20109.0,4421.0,24.125511596180083,358.0
"Otero County, Colorado",2019,18282.0,39.9,38169.0,21110.0,4226.0,23.11563286292528,272.0
"Otero County, Colorado",2020,18284.0,40.4,43075.0,23275.0,3966.0,21.691096040253775,327.0
"Otero County, Colorado",2021,18665.0,40.1,45826.0,23689.0,4005.0,21.457272970800965,310.0
"Ouray County, Colorado",2011,4371.0,47.4,61935.0,31329.0,315.0,7.206588881262869,29.0
"Ouray County, Colorado",2012,4445.0,52.4,66474.0,34278.0,265.0,5.961754780652418,30.0
"Ouray County, Colorado",2013,4475.0,52.5,64601.0,33015.0,251.0,5.608938547486034,25.0
"Ouray County, Colorado",2014,4532.0,52.5,60701.0,32562.0,334.0,7.369814651368049,41.0
"Ouray County, Colorado",2015,4580.0,52.9,61624.0,33392.0,355.0,7.751091703056769,36.0
"Ouray County, Colorado",2016,4651.0,53.3,62800.0,34993.0,425.0,9.13781982369383,42.0
"Ouray County, Colorado",2017,4653.0,53.7,61333.0,35544.0,484.0,10.401891252955084,55.0
"Ouray County, Colorado",2018,4722.0,53.0,62230.0,36138.0,466.0,9.868699703515459,45.0
"Ouray County, Colorado",2019,4796.0,54.1,66417.0,41160.0,344.0,7.172643869891576,25.0
"Ouray County, Colorado",2020,4890.0,53.5,68893.0,41481.0,326.0,6.666666666666667,26.0
"Ouray County, Colorado",2021,4850.0,54.4,67228.0,42317.0,213.0,4.391752577319588,27.0
"Park County, Colorado",2011,16259.0,46.2,61284.0,30908.0,1043.0,6.414908665969617,80.0
"Park County, Colorado",2012,16168.0,47.0,62594.0,31419.0,1355.0,8.380752102919347,170.0
"Park County, Colorado",2013,16131.0,47.5,61570.0,31504.0,1451.0,8.995102597483108,193.0
"Park County, Colorado",2014,16174.0,48.4,60800.0,31838.0,1329.0,8.216891307035983,121.0
"Park County, Colorado",2015,16189.0,49.4,56969.0,31734.0,1170.0,7.227129532398542,106.0
"Park County, Colorado",2016,16440.0,50.0,61675.0,34442.0,1022.0,6.21654501216545,94.0
"Park County, Colorado",2017,16900.0,50.6,61644.0,34377.0,1098.0,6.497041420118343,101.0
"Park County, Colorado",2018,17392.0,50.6,66861.0,35939.0,947.0,5.445032198712052,77.0
"Park County, Colorado",2019,17867.0,50.7,73622.0,36500.0,1293.0,7.236805283483517,146.0
"Park County, Colorado",2020,18345.0,51.9,76611.0,38042.0,1275.0,6.950122649223221,124.0
"Park County, Colorado",2021,17384.0,51.3,77775.0,39975.0,1075.0,6.183847215830649,103.0
"Phillips County, Colorado",2011,4391.0,42.1,44717.0,20995.0,518.0,11.796857207925301,38.0
"Phillips County, Colorado",2012,4380.0,40.8,45339.0,21037.0,787.0,17.968036529680365,61.0
"Phillips County, Colorado",2013,4383.0,40.4,43011.0,20720.0,858.0,19.575633127994525,110.0
"Phillips County, Colorado",2014,4385.0,42.1,44390.0,22996.0,802.0,18.289623717217786,94.0
"Phillips County, Colorado",2015,4371.0,43.7,43639.0,24967.0,658.0,15.053763440860216,76.0
"Phillips County, Colorado",2016,4347.0,41.0,46955.0,26290.0,509.0,11.709224752703014,59.0
"Phillips County, Colorado",2017,4327.0,38.5,50076.0,27790.0,345.0,7.973191587705108,43.0
"Phillips County, Colorado",2018,4318.0,39.0,50724.0,29236.0,282.0,6.530801296896711,30.0
"Phillips County, Colorado",2019,4290.0,37.1,51155.0,26494.0,256.0,5.967365967365968,27.0
"Phillips County, Colorado",2020,4343.0,37.5,50426.0,29857.0,341.0,7.85171540409855,68.0
"Phillips County, Colorado",2021,4497.0,37.8,50951.0,32223.0,599.0,13.319991105181233,68.0
"Pitkin County, Colorado",2011,16709.0,42.6,68242.0,57179.0,1605.0,9.605601771500389,127.0
"Pitkin County, Colorado",2012,17000.0,43.0,68621.0,52428.0,1863.0,10.958823529411765,175.0
"Pitkin County, Colorado",2013,17173.0,43.3,72745.0,51814.0,1730.0,10.073953298782973,191.0
"Pitkin County, Colorado",2014,17303.0,43.3,71060.0,54441.0,1515.0,8.75570710281454,146.0
"Pitkin County, Colorado",2015,17420.0,43.4,71196.0,55519.0,1709.0,9.810562571756602,140.0
"Pitkin County, Colorado",2016,17543.0,43.2,69789.0,59229.0,1507.0,8.59032092572536,114.0
"Pitkin County, Colorado",2017,17747.0,43.3,67755.0,65800.0,1250.0,7.043443962359835,74.0
"Pitkin County, Colorado",2018,17909.0,42.0,71244.0,56180.0,1289.0,7.19749846445921,47.0
"Pitkin County, Colorado",2019,17926.0,41.8,78935.0,54875.0,1200.0,6.6941872141024215,31.0
"Pitkin County, Colorado",2020,17980.0,43.3,82455.0,61261.0,1016.0,5.650723025583982,64.0
"Pitkin County, Colorado",2021,17471.0,45.9,92708.0,76883.0,910.0,5.208631446396886,25.0
"Prowers County, Colorado",2011,12615.0,35.8,34513.0,19337.0,2503.0,19.8414585810543,249.0
"Prowers County, Colorado",2012,12539.0,36.7,33671.0,18305.0,2695.0,21.49294202089481,267.0
"Prowers County, Colorado",2013,12473.0,37.1,34391.0,18941.0,2808.0,22.512627274913815,258.0
"Prowers County, Colorado",2014,12359.0,37.4,35408.0,19039.0,2618.0,21.182943603851445,223.0
"Prowers County, Colorado",2015,12235.0,37.6,40179.0,20087.0,2264.0,18.504290968532896,201.0
"Prowers County, Colorado",2016,12121.0,37.5,41037.0,20589.0,2422.0,19.981849682369443,170.0
"Prowers County, Colorado",2017,12084.0,37.4,41740.0,22033.0,2147.0,17.767295597484278,148.0
"Prowers County, Colorado",2018,12052.0,38.0,40097.0,21612.0,2218.0,18.40358446730833,171.0
"Prowers County, Colorado",2019,12022.0,38.3,41929.0,23698.0,1866.0,15.521543836300117,172.0
"Prowers County, Colorado",2020,12035.0,38.5,42648.0,23496.0,1883.0,15.646032405484005,163.0
"Prowers County, Colorado",2021,11966.0,37.9,44984.0,24281.0,2001.0,16.722380076884505,178.0
"Pueblo County, Colorado",2011,157946.0,38.6,41273.0,22056.0,27229.0,17.239436263026604,1684.0
"Pueblo County, Colorado",2012,159072.0,38.8,41820.0,22164.0,27975.0,17.58637598068799,1736.0
"Pueblo County, Colorado",2013,160048.0,38.9,41777.0,21940.0,29637.0,18.517569729081277,1924.0
"Pueblo County, Colorado",2014,160757.0,38.8,41974.0,22229.0,30102.0,18.725156602822896,1796.0
"Pueblo County, Colorado",2015,161519.0,38.8,41286.0,22191.0,31017.0,19.203313542060066,2105.0
"Pueblo County, Colorado",2016,162158.0,38.8,42000.0,22431.0,31907.0,19.676488363201322,2180.0
"Pueblo County, Colorado",2017,163368.0,38.8,42386.0,23110.0,31467.0,19.261422065520787,2028.0
"Pueblo County, Colorado",2018,164685.0,38.9,44634.0,24257.0,30467.0,18.500166985457085,1975.0
"Pueblo County, Colorado",2019,165982.0,39.3,46783.0,25051.0,30591.0,18.430311720548012,2021.0
"Pueblo County, Colorado",2020,167412.0,39.7,49979.0,26504.0,28840.0,17.22696103027262,1874.0
"Pueblo County, Colorado",2021,167453.0,39.5,53430.0,28540.0,28091.0,16.77545341080781,1640.0
"Rio Blanco County, Colorado",2011,6616.0,38.2,63125.0,27771.0,731.0,11.048972188633616,17.0
"Rio Blanco County, Colorado",2012,6728.0,36.8,58393.0,26473.0,883.0,13.124256837098692,44.0
"Rio Blanco County, Colorado",2013,6770.0,38.0,60128.0,27586.0,974.0,14.387001477104874,72.0
"Rio Blanco County, Colorado",2014,6739.0,36.8,63910.0,27776.0,1085.0,16.10031161893456,110.0
"Rio Blanco County, Colorado",2015,6712.0,36.4,61842.0,27274.0,1113.0,16.582240762812873,107.0
"Rio Blanco County, Colorado",2016,6658.0,35.7,56771.0,27419.0,788.0,11.835386001802343,103.0
"Rio Blanco County, Colorado",2017,6557.0,35.9,57991.0,28185.0,733.0,11.178892786335215,88.0
"Rio Blanco County, Colorado",2018,6465.0,35.9,55543.0,27057.0,701.0,10.843000773395206,55.0
"Rio Blanco County, Colorado",2019,6384.0,36.9,54357.0,26487.0,637.0,9.978070175438596,35.0
"Rio Blanco County, Colorado",2020,6369.0,37.6,54247.0,28287.0,646.0,10.142879572931387,69.0
"Rio Blanco County, Colorado",2021,6495.0,37.5,58239.0,28139.0,710.0,10.931485758275597,67.0
"Rio Grande County, Colorado",2011,11913.0,41.2,37885.0,18762.0,2005.0,16.83035339545035,162.0
"Rio Grande County, Colorado",2012,11925.0,41.8,38329.0,19968.0,2072.0,17.37526205450734,189.0
"Rio Grande County, Colorado",2013,11913.0,41.4,38993.0,20557.0,2227.0,18.693863846218417,226.0
"Rio Grande County, Colorado",2014,11840.0,40.6,38673.0,21104.0,2311.0,19.51858108108108,202.0
"Rio Grande County, Colorado",2015,11745.0,40.9,39672.0,22269.0,2198.0,18.714346530438483,202.0
"Rio Grande County, Colorado",2016,11623.0,40.8,40177.0,22918.0,2174.0,18.70429321173535,264.0
"Rio Grande County, Colorado",2017,11430.0,40.7,38534.0,22412.0,2018.0,17.655293088363955,191.0
"Rio Grande County, Colorado",2018,11351.0,41.5,38639.0,22413.0,1890.0,16.65051537309488,133.0
"Rio Grande County, Colorado",2019,11305.0,42.1,39123.0,24582.0,1894.0,16.753648827952233,116.0
"Rio Grande County, Colorado",2020,11300.0,41.2,43570.0,27300.0,1725.0,15.265486725663717,120.0
"Rio Grande County, Colorado",2021,11476.0,40.7,50287.0,30215.0,1575.0,13.7242941791565,85.0
"Routt County, Colorado",2011,23201.0,39.0,64230.0,34435.0,1602.0,6.904874789879747,165.0
"Routt County, Colorado",2012,23385.0,39.4,65041.0,35307.0,1725.0,7.376523412443874,142.0
"Routt County, Colorado",2013,23409.0,39.7,62002.0,34873.0,2094.0,8.945277457388183,185.0
"Routt County, Colorado",2014,23428.0,39.9,61095.0,35019.0,2397.0,10.231347106026977,192.0
"Routt County, Colorado",2015,23606.0,40.1,64963.0,36472.0,2369.0,10.035584173515208,170.0
"Routt County, Colorado",2016,23980.0,40.0,63505.0,36692.0,2408.0,10.041701417848207,187.0
"Routt County, Colorado",2017,24359.0,39.9,67472.0,38111.0,2567.0,10.538199433474281,217.0
"Routt County, Colorado",2018,24874.0,39.8,74273.0,40727.0,2640.0,10.613491999678379,202.0
"Routt County, Colorado",2019,25072.0,40.2,77443.0,43769.0,2705.0,10.78892788768347,248.0
"Routt County, Colorado",2020,25317.0,40.5,76198.0,44727.0,2386.0,9.424497373306474,295.0
"Routt County, Colorado",2021,24899.0,41.5,83725.0,50571.0,2130.0,8.554560424113419,240.0
"Saguache County, Colorado",2011,6165.0,43.1,33672.0,20194.0,1542.0,25.012165450121653,136.0
"Saguache County, Colorado",2012,6189.0,43.8,32429.0,20521.0,1518.0,24.527387300048474,118.0
"Saguache County, Colorado",2013,6200.0,44.6,34600.0,20726.0,1518.0,24.483870967741936,129.0
"Saguache County, Colorado",2014,6211.0,45.2,33398.0,20569.0,1547.0,24.907422315247143,83.0
"Saguache County, Colorado",2015,6238.0,46.1,33393.0,21711.0,1450.0,23.244629689002885,79.0
"Saguache County, Colorado",2016,6255.0,47.5,32457.0,21356.0,1409.0,22.5259792166267,91.0
"Saguache County, Colorado",2017,6338.0,48.8,34765.0,22267.0,1327.0,20.937204165351847,111.0
"Saguache County, Colorado",2018,6468.0,49.1,34410.0,22901.0,1139.0,17.609771181199754,80.0
"Saguache County, Colorado",2019,6592.0,49.0,38571.0,22511.0,1152.0,17.475728155339805,112.0
"Saguache County, Colorado",2020,6730.0,49.1,45231.0,22921.0,1087.0,16.15156017830609,99.0
"Saguache County, Colorado",2021,6369.0,49.6,48413.0,29805.0,1047.0,16.439001413094676,89.0
"San Juan County, Colorado",2011,801.0,39.3,36378.0,25839.0,190.0,23.72034956304619,5.0
"San Juan County, Colorado",2012,747.0,37.9,37330.0,25653.0,146.0,19.54484605087015,4.0
"San Juan County, Colorado",2013,659.0,43.2,39583.0,24711.0,113.0,17.147192716236724,3.0
"San Juan County, Colorado",2014,653.0,45.3,37679.0,25926.0,108.0,16.539050535987748,3.0
"San Juan County, Colorado",2015,606.0,46.0,36324.0,23143.0,100.0,16.501650165016503,1.0
"San Juan County, Colorado",2016,552.0,49.0,41250.0,29427.0,21.0,3.8043478260869565,0.0
"San Juan County, Colorado",2017,569.0,46.9,46397.0,28889.0,19.0,3.3391915641476273,0.0
"San Juan County, Colorado",2018,544.0,52.1,46563.0,33984.0,25.0,4.595588235294118,0.0
"San Juan County, Colorado",2019,589.0,51.2,54625.0,34502.0,31.0,5.2631578947368425,0.0
"San Juan County, Colorado",2020,646.0,45.1,56875.0,36454.0,105.0,16.25386996904025,15.0
"San Juan County, Colorado",2021,698.0,45.2,63333.0,40019.0,99.0,14.183381088825215,13.0
"San Miguel County, Colorado",2011,7383.0,38.6,66789.0,44490.0,531.0,7.192198293376676,32.0
"San Miguel County, Colorado",2012,7432.0,38.2,63766.0,44159.0,538.0,7.238966630785791,35.0
"San Miguel County, Colorado",2013,7496.0,38.9,63594.0,40827.0,793.0,10.57897545357524,61.0
"San Miguel County, Colorado",2014,7597.0,40.1,59490.0,40993.0,787.0,10.35935237593787,74.0
"San Miguel County, Colorado",2015,7676.0,40.7,56047.0,40149.0,854.0,11.12558624283481,91.0
"San Miguel County, Colorado",2016,7767.0,41.4,58170.0,35701.0,923.0,11.883610145487317,77.0
"San Miguel County, Colorado",2017,7804.0,42.0,62243.0,42015.0,815.0,10.443362378267555,65.0
"San Miguel County, Colorado",2018,7968.0,41.5,64478.0,45396.0,708.0,8.885542168674698,27.0
"San Miguel County, Colorado",2019,8049.0,41.8,67038.0,47526.0,909.0,11.293328363771897,42.0
"San Miguel County, Colorado",2020,8110.0,42.1,66898.0,47248.0,841.0,10.369913686806411,38.0
"San Miguel County, Colorado",2021,8084.0,42.1,70965.0,51725.0,754.0,9.327065809005443,35.0
"Sedgwick County, Colorado",2011,2390.0,50.4,36797.0,23515.0,350.0,14.644351464435147,48.0
"Sedgwick County, Colorado",2012,2389.0,47.9,38401.0,22202.0,354.0,14.817915445793219,41.0
"Sedgwick County, Colorado",2013,2376.0,47.2,40221.0,21536.0,441.0,18.560606060606062,45.0
"Sedgwick County, Colorado",2014,2365.0,49.3,43864.0,22124.0,362.0,15.306553911205073,37.0
"Sedgwick County, Colorado",2015,2365.0,49.8,44191.0,22857.0,335.0,14.16490486257928,31.0
"Sedgwick County, Colorado",2016,2367.0,49.5,46977.0,24247.0,342.0,14.448669201520913,30.0
"Sedgwick County, Colorado",2017,2357.0,48.4,49583.0,24666.0,392.0,16.63131098854476,25.0
"Sedgwick County, Colorado",2018,2350.0,49.1,45188.0,25048.0,390.0,16.595744680851062,26.0
"Sedgwick County, Colorado",2019,2322.0,44.1,43150.0,27527.0,434.0,18.69078380706288,24.0
"Sedgwick County, Colorado",2020,2306.0,39.7,43875.0,27961.0,454.0,19.6877710320902,20.0
"Sedgwick County, Colorado",2021,2459.0,43.5,44405.0,28922.0,406.0,16.51077673851159,11.0
"Summit County, Colorado",2011,27496.0,36.3,67915.0,35218.0,2759.0,10.034186790805935,151.0
"Summit County, Colorado",2012,27753.0,36.3,64680.0,34575.0,3249.0,11.706842503513133,177.0
"Summit County, Colorado",2013,28091.0,36.0,63697.0,34025.0,3836.0,13.655619237478195,221.0
"Summit County, Colorado",2014,28482.0,36.6,64521.0,34842.0,4003.0,14.054490555438523,205.0
"Summit County, Colorado",2015,28940.0,37.1,67983.0,35753.0,3949.0,13.645473393227366,204.0
"Summit County, Colorado",2016,29269.0,38.2,70192.0,36545.0,3522.0,12.033209197444394,200.0
"Summit County, Colorado",2017,29722.0,39.2,73538.0,37192.0,3063.0,10.305497611197094,167.0
"Summit County, Colorado",2018,30429.0,39.1,77589.0,38310.0,3075.0,10.1054914719511,161.0
"Summit County, Colorado",2019,30649.0,39.1,79277.0,41281.0,2437.0,7.951319782048354,109.0
"Summit County, Colorado",2020,30735.0,38.2,80709.0,44973.0,2288.0,7.444281763461851,90.0
"Summit County, Colorado",2021,31042.0,38.6,93505.0,48488.0,2097.0,6.755363700792475,64.0
"Teller County, Colorado",2011,23035.0,46.6,57931.0,28569.0,1705.0,7.401779900151943,179.0
"Teller County, Colorado",2012,23163.0,47.4,57970.0,29866.0,1872.0,8.081854682036006,240.0
"Teller County, Colorado",2013,23276.0,48.0,59040.0,31075.0,1614.0,6.934181130778485,152.0
"Teller County, Colorado",2014,23363.0,48.8,62559.0,31732.0,1664.0,7.122372982921714,162.0
"Teller County, Colorado",2015,23340.0,49.4,62372.0,32707.0,1728.0,7.403598971722365,180.0
"Teller County, Colorado",2016,23472.0,49.5,63723.0,34230.0,1752.0,7.4642126789366054,203.0
"Teller County, Colorado",2017,23769.0,49.8,66809.0,34974.0,1760.0,7.4046026336825275,186.0
"Teller County, Colorado",2018,24113.0,49.9,65382.0,34392.0,1980.0,8.211338282254385,194.0
"Teller County, Colorado",2019,24524.0,50.0,66592.0,35703.0,1984.0,8.090034252161148,173.0
"Teller County, Colorado",2020,24981.0,50.2,61463.0,34541.0,2287.0,9.154957767903607,133.0
"Teller County, Colorado",2021,24607.0,50.4,68677.0,38556.0,1851.0,7.522249766326655,82.0
"Washington County, Colorado",2011,4709.0,44.2,43945.0,24814.0,540.0,11.46740284561478,85.0
"Washington County, Colorado",2012,4796.0,44.2,43925.0,24435.0,468.0,9.7581317764804,69.0
"Washington County, Colorado",2013,4796.0,44.2,44683.0,24977.0,598.0,12.468723936613845,82.0
"Washington County, Colorado",2014,4781.0,44.1,44271.0,24326.0,580.0,12.13135327337377,83.0
"Washington County, Colorado",2015,4795.0,44.4,45541.0,24817.0,466.0,9.718456725755996,74.0
"Washington County, Colorado",2016,4814.0,42.8,46315.0,25744.0,529.0,10.988782717075198,75.0
"Washington County, Colorado",2017,4809.0,42.2,51458.0,26279.0,443.0,9.211894364732792,71.0
"Washington County, Colorado",2018,4840.0,41.6,49375.0,26680.0,480.0,9.917355371900827,58.0
"Washington County, Colorado",2019,4868.0,41.6,50094.0,27860.0,535.0,10.990139687756779,68.0
"Washington County, Colorado",2020,4869.0,41.3,51181.0,28224.0,559.0,11.480796878209079,57.0
"Washington County, Colorado",2021,4834.0,41.0,54141.0,29814.0,520.0,10.757136946628052,54.0
"Weld County, Colorado",2011,248441.0,32.9,55825.0,25233.0,33351.0,13.42411276721636,2822.0
"Weld County, Colorado",2012,253552.0,33.2,56589.0,25341.0,35581.0,14.033018867924529,2758.0
"Weld County, Colorado",2013,258780.0,33.5,57180.0,25468.0,37096.0,14.33495633356519,2825.0
"Weld County, Colorado",2014,265066.0,33.7,58100.0,25959.0,34898.0,13.16577757992349,2526.0
"Weld County, Colorado",2015,270948.0,33.9,60572.0,26751.0,34007.0,12.551116819463513,2388.0
"Weld County, Colorado",2016,278065.0,34.0,62820.0,27808.0,34050.0,12.245338320176938,2480.0
"Weld County, Colorado",2017,285729.0,34.2,66489.0,29226.0,31353.0,10.972984891278099,2492.0
"Weld County, Colorado",2018,295123.0,34.3,70908.0,30626.0,30574.0,10.359748308332458,2517.0
"Weld County, Colorado",2019,305345.0,34.4,74150.0,31793.0,29866.0,9.781067317296829,2505.0
"Weld County, Colorado",2020,315389.0,34.6,74332.0,32399.0,31641.0,10.032372720671932,2748.0
"Weld County, Colorado",2021,322424.0,34.8,80843.0,35707.0,30560.0,9.478202615189936,2873.0
"Yuma County, Colorado",2011,9960.0,36.2,44991.0,21825.0,782.0,7.85140562248996,59.0
"Yuma County, Colorado",2012,10032.0,36.3,45033.0,23098.0,1059.0,10.55622009569378,88.0
"Yuma County, Colorado",2013,10093.0,35.8,44308.0,22498.0,818.0,8.104626969186565,79.0
"Yuma County, Colorado",2014,10131.0,36.0,43279.0,22902.0,1012.0,9.98914223669924,99.0
"Yuma County, Colorado",2015,10185.0,36.0,43105.0,23246.0,1451.0,14.246440844378988,140.0
"Yuma County, Colorado",2016,10150.0,37.2,42026.0,23905.0,1459.0,14.374384236453203,140.0
"Yuma County, Colorado",2017,10109.0,35.8,44668.0,24789.0,1425.0,14.096349787318232,181.0
"Yuma County, Colorado",2018,10069.0,38.4,48394.0,25846.0,1438.0,14.281457940212533,202.0
"Yuma County, Colorado",2019,10003.0,37.8,52022.0,27955.0,1357.0,13.56593022093372,177.0
"Yuma County, Colorado",2020,10013.0,38.9,54393.0,28791.0,1099.0,10.975731548986317,190.0
"Yuma County, Colorado",2021,9944.0,38.1,56327.0,29600.0,1396.0,14.038616251005632,196.0
