NAME,B19013_001E,B19301_001E,B23025_002E,B23025_007E,B17001_002E,B01002_001E,B01003_001E,B25035_001E,B25058_001E,B25064_001E,B25077_001E,B25088_002E,Year,state,county
,,,,,,,,,,,,,,,
"Adams County, Colorado",56089.0,24384.0,232203.0,90191.0,60147.0,32.2,434295.0,1983.0,793.0,911.0,192300.0,1633.0,2011,08,001
"Adams County, Colorado",56633.0,24357.0,236474.0,92873.0,62008.0,32.4,442996.0,1983.0,819.0,947.0,188100.0,1604.0,2012,08,001
"Adams County, Colorado",56270.0,24195.0,239307.0,97298.0,63540.0,32.6,452030.0,1983.0,837.0,967.0,186600.0,1582.0,2013,08,001
"Adams County, Colorado",57421.0,24667.0,243917.0,100410.0,64599.0,32.8,461558.0,1983.0,871.0,1003.0,189400.0,1545.0,2014,08,001
"Adams County, Colorado",58946.0,25039.0,249893.0,102520.0,64241.0,33.0,471206.0,1984.0,905.0,1039.0,198800.0,1511.0,2015,08,001
"Adams County, Colorado",61444.0,26051.0,254614.0,105112.0,61265.0,33.3,479977.0,1985.0,966.0,1098.0,216700.0,1508.0,2016,08,001
"Adams County, Colorado",64087.0,27487.0,260199.0,106639.0,59050.0,33.4,487850.0,1985.0,1040.0,1172.0,241900.0,1559.0,2017,08,001
"Adams County, Colorado",67575.0,28897.0,267927.0,107902.0,56588.0,33.6,497115.0,1986.0,1137.0,1270.0,273000.0,1621.0,2018,08,001
"Adams County, Colorado",71202.0,30313.0,273313.0,109320.0,54159.0,33.8,504108.0,1987,1205.0,1346.0,307600.0,1706.0,2019,08,001
"Adams County, Colorado",73817.0,31310.0,277135.0,111962.0,49946.0,34.0,509844.0,1988,1242.0,1387.0,335800.0,1795.0,2020,08,001
"Adams County, Colorado",78304.0,33571.0,282806.0,112276.0,48959.0,34.2,514969.0,1989,1352.0,1470.0,360600.0,1927.0,2021,08,001
"Alamosa County, Colorado",38299.0,20429.0,7251.0,4806.0,3103.0,32.0,15395.0,1974.0,464.0,547.0,130400.0,1072.0,2011,08,003
"Alamosa County, Colorado",38045.0,19657.0,7171.0,5187.0,3191.0,32.2,15750.0,1974.0,490.0,585.0,133200.0,1081.0,2012,08,003
"Alamosa County, Colorado",34520.0,19487.0,7291.0,5137.0,3924.0,31.3,15933.0,1974.0,496.0,586.0,137300.0,1093.0,2013,08,003
"Alamosa County, Colorado",31400.0,19481.0,7118.0,5477.0,4192.0,30.8,16111.0,1976.0,526.0,622.0,142100.0,1034.0,2014,08,003
"Alamosa County, Colorado",32395.0,19524.0,7015.0,5571.0,4396.0,30.1,16269.0,1975.0,543.0,635.0,144300.0,1050.0,2015,08,003
"Alamosa County, Colorado",32385.0,18133.0,6956.0,5729.0,4786.0,30.2,16353.0,1976.0,529.0,634.0,141600.0,1013.0,2016,08,003
"Alamosa County, Colorado",36315.0,19217.0,7316.0,5427.0,4239.0,30.3,16345.0,1976.0,542.0,675.0,152900.0,1052.0,2017,08,003
"Alamosa County, Colorado",39191.0,21328.0,7602.0,5326.0,3635.0,30.4,16444.0,1977.0,557.0,657.0,157500.0,1090.0,2018,08,003
"Alamosa County, Colorado",37515.0,22131.0,7638.0,4940.0,3528.0,31.8,16107.0,1978,612.0,700.0,157500.0,1142.0,2019,08,003
"Alamosa County, Colorado",41121.0,23020.0,7848.0,4800.0,2806.0,32.3,16153.0,1982,621.0,696.0,153700.0,1073.0,2020,08,003
"Alamosa County, Colorado",46217.0,25249.0,7924.0,4990.0,2466.0,32.9,16377.0,1982,652.0,698.0,160400.0,1176.0,2021,08,003
"Arapahoe County, Colorado",59937.0,32482.0,314727.0,120101.0,66319.0,35.6,563508.0,1981.0,794.0,914.0,231200.0,1682.0,2011,08,005
"Arapahoe County, Colorado",60400.0,32845.0,320199.0,124016.0,66945.0,35.7,574357.0,1982.0,831.0,950.0,230900.0,1684.0,2012,08,005
"Arapahoe County, Colorado",60651.0,32595.0,325472.0,128498.0,69949.0,35.9,585333.0,1982.0,858.0,981.0,230700.0,1663.0,2013,08,005
"Arapahoe County, Colorado",62213.0,33574.0,331589.0,132273.0,68985.0,36.0,596684.0,1983.0,894.0,1029.0,235600.0,1643.0,2014,08,005
"Arapahoe County, Colorado",63265.0,34190.0,337326.0,136649.0,67679.0,36.1,608310.0,1983.0,937.0,1077.0,247600.0,1613.0,2015,08,005
"Arapahoe County, Colorado",66288.0,35250.0,342792.0,139905.0,65383.0,36.3,617668.0,1983.0,1000.0,1142.0,266600.0,1628.0,2016,08,005
"Arapahoe County, Colorado",69553.0,36951.0,350215.0,140930.0,61463.0,36.4,626612.0,1983.0,1093.0,1218.0,292900.0,1666.0,2017,08,005
"Arapahoe County, Colorado",73925.0,38972.0,357039.0,143110.0,56802.0,36.5,636671.0,1983.0,1186.0,1307.0,327800.0,1740.0,2018,08,005
"Arapahoe County, Colorado",77469.0,40443.0,363961.0,144311.0,51542.0,36.6,644560.0,1984,1275.0,1390.0,358200.0,1814.0,2019,08,005
"Arapahoe County, Colorado",80291.0,42184.0,367345.0,147774.0,49932.0,36.8,649980.0,1984,1338.0,1452.0,385100.0,1890.0,2020,08,005
"Arapahoe County, Colorado",84947.0,45046.0,369928.0,147207.0,49673.0,37.0,651621.0,1985,1420.0,1556.0,415500.0,2020.0,2021,08,005
"Archuleta County, Colorado",60170.0,29361.0,6111.0,3900.0,927.0,47.1,12152.0,1989.0,726.0,866.0,303800.0,1449.0,2011,08,007
"Archuleta County, Colorado",54007.0,29771.0,6124.0,3895.0,1051.0,47.5,12109.0,1990.0,741.0,897.0,291300.0,1471.0,2012,08,007
"Archuleta County, Colorado",48933.0,29793.0,6129.0,3977.0,1161.0,47.8,12109.0,1991.0,744.0,913.0,279700.0,1508.0,2013,08,007
"Archuleta County, Colorado",48186.0,28506.0,6099.0,4102.0,1327.0,48.8,12132.0,1992.0,734.0,914.0,264300.0,1412.0,2014,08,007
"Archuleta County, Colorado",46646.0,28884.0,5999.0,4311.0,1405.0,49.6,12174.0,1993.0,733.0,946.0,264200.0,1374.0,2015,08,007
"Archuleta County, Colorado",45607.0,28649.0,6211.0,4220.0,1369.0,49.5,12355.0,1993.0,715.0,883.0,268400.0,1340.0,2016,08,007
"Archuleta County, Colorado",48016.0,29344.0,6024.0,4586.0,1446.0,49.8,12592.0,1994.0,726.0,904.0,274000.0,1355.0,2017,08,007
"Archuleta County, Colorado",50753.0,31035.0,6185.0,4699.0,1370.0,50.6,12908.0,1995.0,701.0,934.0,295500.0,1344.0,2018,08,007
"Archuleta County, Colorado",52221.0,31629.0,6421.0,4723.0,1153.0,50.9,13253.0,1994,823.0,961.0,314400.0,1427.0,2019,08,007
"Archuleta County, Colorado",55658.0,32995.0,6578.0,4823.0,1119.0,50.3,13588.0,1995,867.0,997.0,331900.0,1502.0,2020,08,007
"Archuleta County, Colorado",62907.0,34394.0,6272.0,4846.0,1283.0,50.0,13267.0,1994,950.0,1147.0,356400.0,1568.0,2021,08,007
"Baca County, Colorado",37111.0,21322.0,1920.0,1196.0,644.0,47.2,3807.0,1960.0,291.0,460.0,71500.0,869.0,2011,08,009
"Baca County, Colorado",39497.0,22436.0,1876.0,1205.0,530.0,47.8,3783.0,1961.0,283.0,454.0,72300.0,883.0,2012,08,009
"Baca County, Colorado",38829.0,22318.0,1909.0,1142.0,551.0,47.8,3761.0,1962.0,305.0,508.0,73500.0,839.0,2013,08,009
"Baca County, Colorado",38625.0,22558.0,1842.0,1194.0,588.0,48.1,3735.0,1963.0,291.0,526.0,71500.0,859.0,2014,08,009
"Baca County, Colorado",38000.0,21361.0,1783.0,1225.0,736.0,47.6,3701.0,1965.0,311.0,525.0,73200.0,826.0,2015,08,009
"Baca County, Colorado",37477.0,22113.0,1725.0,1254.0,634.0,47.5,3648.0,1963.0,354.0,530.0,69900.0,824.0,2016,08,009
"Baca County, Colorado",35898.0,22853.0,1739.0,1207.0,674.0,47.6,3581.0,1964.0,380.0,540.0,79800.0,883.0,2017,08,009
"Baca County, Colorado",37500.0,23862.0,1673.0,1246.0,661.0,47.7,3563.0,1965.0,334.0,475.0,82200.0,953.0,2018,08,009
"Baca County, Colorado",35878.0,24061.0,1664.0,1245.0,654.0,46.0,3561.0,1964,335.0,443.0,83500.0,985.0,2019,08,009
"Baca County, Colorado",34655.0,24583.0,1625.0,1264.0,625.0,45.9,3570.0,1964,316.0,432.0,98800.0,1031.0,2020,08,009
"Baca County, Colorado",39891.0,26220.0,1532.0,1275.0,702.0,43.2,3519.0,1965,296.0,401.0,117900.0,1067.0,2021,08,009
"Bent County, Colorado",35667.0,15390.0,2212.0,3003.0,944.0,38.0,6164.0,1954.0,441.0,612.0,74300.0,867.0,2011,08,011
"Bent County, Colorado",36297.0,15259.0,1958.0,3336.0,912.0,40.6,6192.0,1955.0,448.0,627.0,70600.0,918.0,2012,08,011
"Bent County, Colorado",37340.0,15081.0,1764.0,3462.0,782.0,40.4,6141.0,1958.0,442.0,635.0,75500.0,927.0,2013,08,011
"Bent County, Colorado",39053.0,15402.0,1636.0,3472.0,703.0,40.9,6000.0,1959.0,450.0,706.0,69800.0,919.0,2014,08,011
"Bent County, Colorado",36791.0,13544.0,1321.0,3736.0,923.0,41.1,5895.0,1958.0,426.0,713.0,65700.0,883.0,2015,08,011
"Bent County, Colorado",34773.0,13772.0,1450.0,3534.0,943.0,41.2,5816.0,1957.0,413.0,639.0,76800.0,881.0,2016,08,011
"Bent County, Colorado",32500.0,14028.0,1510.0,3489.0,948.0,40.4,5806.0,1957.0,429.0,669.0,77700.0,898.0,2017,08,011
"Bent County, Colorado",34392.0,14777.0,1645.0,3368.0,912.0,41.0,5809.0,1955.0,437.0,644.0,80600.0,976.0,2018,08,011
"Bent County, Colorado",30900.0,13930.0,1543.0,3444.0,1177.0,40.2,5787.0,1959,429.0,643.0,81000.0,971.0,2019,08,011
"Bent County, Colorado",38083.0,15738.0,1680.0,3221.0,849.0,40.6,5677.0,1958,442.0,668.0,82500.0,894.0,2020,08,011
"Bent County, Colorado",40972.0,16557.0,1692.0,3349.0,1075.0,40.9,5861.0,1962,485.0,703.0,88900.0,1041.0,2021,08,011
"Boulder County, Colorado",66479.0,37720.0,166750.0,71638.0,37119.0,35.5,293205.0,1980.0,937.0,1026.0,353000.0,1902.0,2011,08,013
"Boulder County, Colorado",67403.0,38283.0,170258.0,71914.0,38134.0,35.6,297218.0,1980.0,974.0,1077.0,354300.0,1907.0,2012,08,013
"Boulder County, Colorado",67956.0,38011.0,172586.0,73101.0,41412.0,35.7,301072.0,1981.0,998.0,1113.0,350900.0,1865.0,2013,08,013
"Boulder County, Colorado",69407.0,38524.0,174870.0,74636.0,43057.0,35.7,305166.0,1981.0,1047.0,1149.0,358000.0,1862.0,2014,08,013
"Boulder County, Colorado",70961.0,39074.0,177547.0,76793.0,42167.0,35.8,310032.0,1981.0,1100.0,1187.0,368800.0,1824.0,2015,08,013
"Boulder County, Colorado",72282.0,40097.0,178533.0,79707.0,40732.0,36.0,313961.0,1982.0,1146.0,1236.0,391000.0,1826.0,2016,08,013
"Boulder County, Colorado",75669.0,42119.0,180339.0,80995.0,39882.0,36.2,316782.0,1982.0,1230.0,1334.0,423500.0,1874.0,2017,08,013
"Boulder County, Colorado",78642.0,43831.0,182396.0,83376.0,38546.0,36.2,321030.0,1982.0,1317.0,1411.0,462200.0,1955.0,2018,08,013
"Boulder County, Colorado",83019.0,46826.0,183623.0,84121.0,36358.0,36.6,322510.0,1983,1403.0,1495.0,497300.0,2049.0,2019,08,013
"Boulder County, Colorado",87476.0,48776.0,184037.0,86349.0,34918.0,36.9,324682.0,1984,1470.0,1582.0,539100.0,2137.0,2020,08,013
"Boulder County, Colorado",92466.0,52401.0,186728.0,87579.0,34842.0,37.2,328713.0,1984,1591.0,1694.0,575700.0,2274.0,2021,08,013
"Broomfield County, Colorado",76531.0,36783.0,30886.0,10860.0,3112.0,36.6,54592.0,1992.0,908.0,1037.0,270500.0,1851.0,2011,08,014
"Broomfield County, Colorado",80483.0,37964.0,31890.0,10985.0,3413.0,36.5,55913.0,1993.0,982.0,1101.0,274900.0,1852.0,2012,08,014
"Broomfield County, Colorado",77998.0,37442.0,31930.0,11900.0,4032.0,35.9,57171.0,1994.0,1046.0,1165.0,275900.0,1830.0,2013,08,014
"Broomfield County, Colorado",80430.0,38706.0,32564.0,12967.0,3717.0,37.4,59027.0,1994.0,1119.0,1248.0,284100.0,1795.0,2014,08,014
"Broomfield County, Colorado",81898.0,40135.0,33657.0,13526.0,3930.0,37.5,60699.0,1995.0,1216.0,1336.0,295500.0,1758.0,2015,08,014
"Broomfield County, Colorado",83334.0,41698.0,35145.0,13858.0,3667.0,37.6,62449.0,1996.0,1307.0,1417.0,328200.0,1792.0,2016,08,014
"Broomfield County, Colorado",85639.0,43736.0,36441.0,14088.0,3340.0,37.8,64283.0,1997.0,1376.0,1490.0,356500.0,1864.0,2017,08,014
"Broomfield County, Colorado",89624.0,47016.0,38195.0,14055.0,3296.0,37.7,66120.0,1998.0,1436.0,1583.0,382800.0,1947.0,2018,08,014
"Broomfield County, Colorado",96416.0,50863.0,39715.0,14361.0,3763.0,37.8,67886.0,1999,1543.0,1679.0,413500.0,2024.0,2019,08,014
"Broomfield County, Colorado",101206.0,51461.0,40626.0,15129.0,3435.0,38.4,69444.0,1999,1613.0,1711.0,450600.0,2115.0,2020,08,014
"Broomfield County, Colorado",107570.0,55176.0,42638.0,15958.0,3183.0,38.4,72697.0,2000,1717.0,1814.0,482100.0,2233.0,2021,08,014
"Chaffee County, Colorado",43684.0,26795.0,8934.0,6243.0,1583.0,46.8,17707.0,1979.0,651.0,770.0,244600.0,1323.0,2011,08,015
"Chaffee County, Colorado",45713.0,27961.0,8841.0,6474.0,1556.0,47.3,17879.0,1979.0,704.0,859.0,256300.0,1358.0,2012,08,015
"Chaffee County, Colorado",46504.0,27182.0,8816.0,6682.0,1358.0,47.8,18063.0,1980.0,691.0,818.0,262300.0,1386.0,2013,08,015
"Chaffee County, Colorado",48528.0,27467.0,8832.0,6784.0,1480.0,48.9,18121.0,1981.0,677.0,817.0,265700.0,1444.0,2014,08,015
"Chaffee County, Colorado",51092.0,28064.0,8681.0,7056.0,1502.0,49.2,18309.0,1981.0,668.0,802.0,274200.0,1427.0,2015,08,015
"Chaffee County, Colorado",50993.0,27848.0,8650.0,7247.0,1673.0,49.1,18507.0,1981.0,680.0,847.0,289900.0,1453.0,2016,08,015
"Chaffee County, Colorado",53762.0,28907.0,8597.0,7663.0,1686.0,49.9,18818.0,1980.0,668.0,805.0,313200.0,1478.0,2017,08,015
"Chaffee County, Colorado",54580.0,29365.0,8920.0,7586.0,1807.0,49.1,19164.0,1982.0,661.0,800.0,335900.0,1535.0,2018,08,015
"Chaffee County, Colorado",55771.0,29827.0,8655.0,8314.0,1776.0,49.2,19557.0,1985,799.0,931.0,357800.0,1551.0,2019,08,015
"Chaffee County, Colorado",55176.0,31960.0,9486.0,7938.0,2151.0,49.0,19977.0,1990,947.0,1104.0,387300.0,1541.0,2020,08,015
"Chaffee County, Colorado",61216.0,34290.0,9395.0,7530.0,2084.0,49.0,19436.0,1991,977.0,1157.0,416100.0,1544.0,2021,08,015
"Cheyenne County, Colorado",47188.0,22877.0,1169.0,653.0,197.0,40.6,2247.0,1965.0,338.0,462.0,83200.0,947.0,2011,08,017
"Cheyenne County, Colorado",50357.0,24502.0,1108.0,562.0,159.0,41.0,2095.0,1963.0,351.0,463.0,81700.0,980.0,2012,08,017
"Cheyenne County, Colorado",51641.0,23647.0,1189.0,538.0,154.0,38.6,2189.0,1965.0,373.0,508.0,81700.0,1070.0,2013,08,017
"Cheyenne County, Colorado",53900.0,23415.0,1144.0,484.0,182.0,36.3,2153.0,1966.0,447.0,600.0,84200.0,1129.0,2014,08,017
"Cheyenne County, Colorado",52554.0,23553.0,1028.0,478.0,168.0,37.0,2002.0,1967.0,442.0,636.0,82300.0,1149.0,2015,08,017
"Cheyenne County, Colorado",54375.0,23916.0,1058.0,453.0,229.0,37.8,2071.0,1968.0,502.0,625.0,89200.0,1151.0,2016,08,017
"Cheyenne County, Colorado",54907.0,23698.0,1013.0,507.0,245.0,35.8,2127.0,1973.0,488.0,613.0,90000.0,1209.0,2017,08,017
"Cheyenne County, Colorado",55227.0,25234.0,903.0,520.0,228.0,35.9,2039.0,1972.0,436.0,579.0,104000.0,1099.0,2018,08,017
"Cheyenne County, Colorado",53977.0,29081.0,917.0,559.0,203.0,39.4,2026.0,1971,407.0,525.0,108000.0,1093.0,2019,08,017
"Cheyenne County, Colorado",67763.0,31409.0,982.0,467.0,256.0,41.1,1999.0,1972,530.0,665.0,141700.0,1145.0,2020,08,017
"Cheyenne County, Colorado",69063.0,34055.0,834.0,432.0,191.0,42.0,1691.0,1972,511.0,719.0,157500.0,1188.0,2021,08,017
"Clear Creek County, Colorado",62756.0,35345.0,5669.0,2001.0,548.0,45.2,9083.0,1972.0,721.0,826.0,279600.0,1706.0,2011,08,019
"Clear Creek County, Colorado",60517.0,36015.0,5556.0,2104.0,873.0,45.8,9059.0,1974.0,705.0,849.0,278700.0,1611.0,2012,08,019
"Clear Creek County, Colorado",67259.0,41716.0,5555.0,2092.0,909.0,46.8,9048.0,1974.0,700.0,803.0,268500.0,1515.0,2013,08,019
"Clear Creek County, Colorado",68531.0,42446.0,5555.0,2277.0,828.0,48.0,9114.0,1975.0,703.0,795.0,273400.0,1542.0,2014,08,019
"Clear Creek County, Colorado",67710.0,42812.0,5417.0,2381.0,748.0,48.0,9136.0,1975.0,691.0,813.0,283900.0,1517.0,2015,08,019
"Clear Creek County, Colorado",68250.0,42355.0,5444.0,2464.0,677.0,47.6,9238.0,1974.0,699.0,808.0,297000.0,1551.0,2016,08,019
"Clear Creek County, Colorado",68534.0,41257.0,5421.0,2526.0,622.0,47.2,9257.0,1974.0,700.0,810.0,317000.0,1690.0,2017,08,019
"Clear Creek County, Colorado",69936.0,40655.0,5389.0,2755.0,509.0,47.8,9379.0,1974.0,779.0,913.0,357000.0,1778.0,2018,08,019
"Clear Creek County, Colorado",67060.0,39203.0,5436.0,2821.0,725.0,48.1,9495.0,1974,822.0,938.0,378300.0,1782.0,2019,08,019
"Clear Creek County, Colorado",71919.0,44162.0,5783.0,2555.0,578.0,48.6,9533.0,1973,945.0,1004.0,399000.0,1768.0,2020,08,019
"Clear Creek County, Colorado",76313.0,52364.0,5887.0,2558.0,532.0,49.5,9427.0,1975,1036.0,1106.0,471400.0,2023.0,2021,08,019
"Conejos County, Colorado",34435.0,18094.0,3538.0,2680.0,1234.0,38.4,8228.0,1969.0,372.0,502.0,110200.0,901.0,2011,08,021
"Conejos County, Colorado",32860.0,17929.0,3574.0,2625.0,1399.0,38.2,8241.0,1970.0,378.0,541.0,106300.0,909.0,2012,08,021
"Conejos County, Colorado",34526.0,17316.0,3434.0,2791.0,1585.0,38.2,8256.0,1971.0,391.0,526.0,109700.0,971.0,2013,08,021
"Conejos County, Colorado",37357.0,18247.0,3399.0,2828.0,1522.0,38.5,8276.0,1973.0,375.0,538.0,111000.0,973.0,2014,08,021
"Conejos County, Colorado",36652.0,18844.0,3347.0,2901.0,1491.0,38.4,8249.0,1973.0,377.0,498.0,107100.0,959.0,2015,08,021
"Conejos County, Colorado",34630.0,18221.0,3192.0,3028.0,1805.0,38.7,8213.0,1973.0,380.0,526.0,113800.0,948.0,2016,08,021
"Conejos County, Colorado",35657.0,19047.0,3199.0,2964.0,1709.0,38.2,8147.0,1975.0,390.0,533.0,113100.0,946.0,2017,08,021
"Conejos County, Colorado",34746.0,19545.0,3256.0,2905.0,1813.0,39.4,8142.0,1975.0,374.0,533.0,117600.0,936.0,2018,08,021
"Conejos County, Colorado",36084.0,20640.0,3383.0,2833.0,1756.0,38.8,8128.0,1974,442.0,543.0,120500.0,924.0,2019,08,021
"Conejos County, Colorado",33611.0,20139.0,3563.0,2730.0,1681.0,38.5,8130.0,1975,505.0,614.0,123000.0,911.0,2020,08,021
"Conejos County, Colorado",38536.0,22345.0,3368.0,2480.0,1232.0,38.7,7579.0,1977,530.0,635.0,129600.0,1014.0,2021,08,021
"Costilla County, Colorado",25949.0,18622.0,1553.0,1384.0,784.0,46.8,3556.0,1974.0,356.0,489.0,102600.0,971.0,2011,08,023
"Costilla County, Colorado",25309.0,18856.0,1530.0,1418.0,874.0,47.4,3556.0,1974.0,358.0,531.0,90400.0,933.0,2012,08,023
"Costilla County, Colorado",29145.0,20742.0,1477.0,1439.0,784.0,49.5,3552.0,1977.0,378.0,669.0,93800.0,958.0,2013,08,023
"Costilla County, Colorado",33594.0,20592.0,1474.0,1479.0,893.0,50.6,3578.0,1979.0,373.0,614.0,101200.0,925.0,2014,08,023
"Costilla County, Colorado",31321.0,21809.0,1442.0,1521.0,850.0,49.0,3581.0,1980.0,299.0,502.0,102300.0,840.0,2015,08,023
"Costilla County, Colorado",26610.0,20238.0,1305.0,1697.0,1092.0,50.5,3590.0,1980.0,329.0,552.0,110800.0,885.0,2016,08,023
"Costilla County, Colorado",29000.0,20737.0,1367.0,1672.0,1073.0,51.0,3628.0,1981.0,365.0,614.0,114200.0,863.0,2017,08,023
"Costilla County, Colorado",30593.0,20715.0,1448.0,1671.0,1111.0,51.3,3687.0,1979.0,372.0,612.0,113200.0,916.0,2018,08,023
"Costilla County, Colorado",30965.0,21732.0,1542.0,1642.0,1023.0,51.9,3745.0,1978,364.0,532.0,113000.0,995.0,2019,08,023
"Costilla County, Colorado",34732.0,21893.0,1460.0,1824.0,1012.0,49.6,3810.0,1978,387.0,569.0,123600.0,1075.0,2020,08,023
"Costilla County, Colorado",35000.0,23442.0,1400.0,1687.0,787.0,51.7,3517.0,1980,425.0,645.0,123000.0,1043.0,2021,08,023
"Crowley County, Colorado",40636.0,17746.0,1677.0,3446.0,664.0,39.6,5866.0,1949.0,374.0,548.0,83600.0,957.0,2011,08,025
"Crowley County, Colorado",38507.0,17925.0,1827.0,3212.0,874.0,39.4,5747.0,1947.0,375.0,557.0,80400.0,943.0,2012,08,025
"Crowley County, Colorado",31477.0,17187.0,1782.0,3159.0,1157.0,38.9,5629.0,1952.0,396.0,583.0,78800.0,946.0,2013,08,025
"Crowley County, Colorado",31534.0,11726.0,1944.0,2858.0,1137.0,39.9,5558.0,1954.0,452.0,600.0,73700.0,991.0,2014,08,025
"Crowley County, Colorado",31151.0,10742.0,1995.0,2464.0,1449.0,35.5,5551.0,1955.0,429.0,595.0,76100.0,973.0,2015,08,025
"Crowley County, Colorado",31719.0,12513.0,2177.0,2707.0,1479.0,39.6,5537.0,1954.0,461.0,659.0,74200.0,960.0,2016,08,025
"Crowley County, Colorado",35292.0,14393.0,2255.0,2619.0,1054.0,38.2,5514.0,1956.0,556.0,827.0,79700.0,1013.0,2017,08,025
"Crowley County, Colorado",37586.0,14988.0,2185.0,2820.0,1261.0,35.6,5630.0,1954.0,534.0,815.0,71700.0,932.0,2018,08,025
"Crowley County, Colorado",42135.0,15517.0,2277.0,2856.0,1339.0,35.4,5754.0,1955,642.0,914.0,79400.0,976.0,2019,08,025
"Crowley County, Colorado",40785.0,16593.0,1971.0,3009.0,1218.0,38.8,5733.0,1963,815.0,1060.0,82900.0,1023.0,2020,08,025
"Crowley County, Colorado",37870.0,15037.0,1815.0,3354.0,1221.0,37.5,6018.0,1964,748.0,964.0,71200.0,1046.0,2021,08,025
"Custer County, Colorado",43358.0,28008.0,1749.0,1517.0,439.0,52.7,3853.0,1986.0,521.0,704.0,225600.0,1273.0,2011,08,027
"Custer County, Colorado",42534.0,28019.0,1914.0,1719.0,572.0,52.7,4208.0,1989.0,526.0,652.0,224000.0,1327.0,2012,08,027
"Custer County, Colorado",32427.0,25761.0,1816.0,1856.0,613.0,54.6,4245.0,1989.0,533.0,685.0,216200.0,1172.0,2013,08,027
"Custer County, Colorado",32261.0,25842.0,1643.0,2088.0,746.0,57.4,4274.0,1992.0,558.0,692.0,215400.0,1199.0,2014,08,027
"Custer County, Colorado",35000.0,22661.0,1616.0,2026.0,736.0,56.4,4303.0,1992.0,572.0,726.0,220400.0,1151.0,2015,08,027
"Custer County, Colorado",38605.0,22333.0,1493.0,2179.0,772.0,56.8,4375.0,1991.0,578.0,725.0,230700.0,1325.0,2016,08,027
"Custer County, Colorado",41330.0,26032.0,1522.0,2350.0,693.0,58.2,4505.0,1991.0,540.0,660.0,248300.0,1425.0,2017,08,027
"Custer County, Colorado",44644.0,26976.0,1503.0,2416.0,703.0,58.4,4640.0,1992.0,511.0,644.0,262200.0,1428.0,2018,08,027
"Custer County, Colorado",53119.0,29258.0,1829.0,2301.0,601.0,59.7,4776.0,1991,478.0,620.0,281900.0,1421.0,2019,08,027
"Custer County, Colorado",60361.0,31608.0,2015.0,2272.0,377.0,60.1,4941.0,1988,513.0,655.0,249900.0,1632.0,2020,08,027
"Custer County, Colorado",59877.0,35255.0,2027.0,2022.0,345.0,59.0,4720.0,1990,520.0,772.0,262700.0,1688.0,2021,08,027
"Delta County, Colorado",41856.0,23495.0,13930.0,10960.0,4184.0,45.7,30666.0,1976.0,545.0,721.0,198400.0,1276.0,2011,08,029
"Delta County, Colorado",42786.0,23890.0,13947.0,11044.0,4404.0,46.1,30710.0,1976.0,602.0,779.0,198600.0,1309.0,2012,08,029
"Delta County, Colorado",42078.0,24771.0,13719.0,11178.0,4576.0,46.7,30659.0,1977.0,614.0,797.0,191200.0,1281.0,2013,08,029
"Delta County, Colorado",42389.0,24590.0,13357.0,11333.0,4738.0,47.1,30378.0,1977.0,625.0,810.0,190500.0,1253.0,2014,08,029
"Delta County, Colorado",42452.0,24417.0,12869.0,11648.0,4716.0,47.3,30214.0,1979.0,637.0,829.0,193000.0,1236.0,2015,08,029
"Delta County, Colorado",42011.0,24261.0,12476.0,12199.0,4890.0,47.5,30221.0,1980.0,642.0,818.0,196200.0,1201.0,2016,08,029
"Delta County, Colorado",42487.0,25546.0,12246.0,12533.0,4795.0,47.8,30217.0,1983.0,652.0,847.0,206200.0,1216.0,2017,08,029
"Delta County, Colorado",44512.0,24886.0,11922.0,12954.0,5145.0,47.6,30346.0,1983.0,646.0,851.0,219000.0,1233.0,2018,08,029
"Delta County, Colorado",45269.0,26499.0,11792.0,13329.0,5379.0,47.3,30565.0,1984,624.0,834.0,241500.0,1294.0,2019,08,029
"Delta County, Colorado",47968.0,26642.0,12077.0,13328.0,5329.0,47.7,30758.0,1981,621.0,837.0,253500.0,1285.0,2020,08,029
"Delta County, Colorado",51803.0,30551.0,12604.0,13062.0,5045.0,47.6,31133.0,1980,649.0,898.0,268400.0,1297.0,2021,08,029
"Denver County, Colorado",47499.0,32051.0,337571.0,137479.0,108849.0,33.7,590507.0,1964.0,742.0,832.0,243400.0,1632.0,2011,08,031
"Denver County, Colorado",49091.0,32597.0,346569.0,139611.0,112183.0,33.7,604356.0,1965.0,765.0,863.0,246300.0,1616.0,2012,08,031
"Denver County, Colorado",50313.0,33251.0,355559.0,144137.0,116284.0,33.8,619297.0,1965.0,796.0,883.0,249100.0,1600.0,2013,08,031
"Denver County, Colorado",51800.0,34423.0,363279.0,148424.0,113930.0,34.0,633777.0,1965.0,825.0,913.0,257500.0,1592.0,2014,08,031
"Denver County, Colorado",53637.0,35218.0,372267.0,152842.0,110299.0,34.1,649654.0,1966.0,874.0,962.0,271300.0,1569.0,2015,08,031
"Denver County, Colorado",56258.0,36616.0,381214.0,156371.0,106745.0,34.2,663303.0,1966.0,942.0,1035.0,292700.0,1583.0,2016,08,031
"Denver County, Colorado",60098.0,38991.0,392137.0,159401.0,100611.0,34.4,678467.0,1967.0,1034.0,1131.0,322900.0,1647.0,2017,08,031
"Denver County, Colorado",63793.0,41196.0,405684.0,159997.0,93728.0,34.4,693417.0,1968.0,1134.0,1217.0,357300.0,1707.0,2018,08,031
"Denver County, Colorado",68592.0,43770.0,418232.0,160364.0,89203.0,34.5,705576.0,1969,1223.0,1311.0,390600.0,1805.0,2019,08,031
"Denver County, Colorado",72661.0,45636.0,427396.0,163133.0,83516.0,34.6,715878.0,1970,1314.0,1397.0,427600.0,1915.0,2020,08,031
"Denver County, Colorado",78177.0,50642.0,430779.0,153724.0,80620.0,34.8,706799.0,1971,1411.0,1495.0,459100.0,2063.0,2021,08,031
"Dolores County, Colorado",44077.0,22729.0,1044.0,543.0,252.0,43.7,2043.0,1974.0,463.0,618.0,130800.0,1137.0,2011,08,033
"Dolores County, Colorado",43098.0,24392.0,864.0,592.0,251.0,46.5,1806.0,1974.0,504.0,574.0,123000.0,1160.0,2012,08,033
"Dolores County, Colorado",37750.0,22880.0,737.0,646.0,253.0,48.2,1709.0,1973.0,541.0,738.0,121800.0,1102.0,2013,08,033
"Dolores County, Colorado",32578.0,21543.0,777.0,645.0,347.0,46.3,1736.0,1972.0,541.0,643.0,117400.0,1106.0,2014,08,033
"Dolores County, Colorado",31875.0,20199.0,840.0,637.0,398.0,39.9,1862.0,1974.0,559.0,759.0,119100.0,1024.0,2015,08,033
"Dolores County, Colorado",32240.0,21112.0,782.0,664.0,346.0,46.0,1789.0,1973.0,543.0,693.0,115900.0,842.0,2016,08,033
"Dolores County, Colorado",40352.0,23190.0,800.0,582.0,245.0,49.4,1736.0,1972.0,613.0,826.0,122000.0,940.0,2017,08,033
"Dolores County, Colorado",41714.0,24505.0,864.0,629.0,250.0,51.8,1841.0,1973.0,537.0,713.0,115900.0,921.0,2018,08,033
"Dolores County, Colorado",45972.0,26323.0,824.0,649.0,246.0,48.8,1857.0,1974,577.0,817.0,116600.0,994.0,2019,08,033
"Dolores County, Colorado",56786.0,31290.0,855.0,807.0,130.0,57.5,1896.0,1975,292.0,-666666666.0,167700.0,1055.0,2020,08,033
"Dolores County, Colorado",62500.0,36003.0,1158.0,899.0,283.0,58.6,2288.0,1976,-666666666.0,858.0,181400.0,1080.0,2021,08,033
"Douglas County, Colorado",101193.0,43461.0,154806.0,48740.0,9663.0,36.2,280643.0,1997.0,1090.0,1227.0,337900.0,2186.0,2011,08,035
"Douglas County, Colorado",101108.0,43195.0,158453.0,50797.0,11538.0,36.7,286883.0,1997.0,1122.0,1237.0,335300.0,2172.0,2012,08,035
"Douglas County, Colorado",101591.0,43634.0,159104.0,55315.0,11248.0,36.9,293014.0,1997.0,1154.0,1273.0,335600.0,2131.0,2013,08,035
"Douglas County, Colorado",102626.0,44105.0,162583.0,58434.0,12240.0,37.2,299794.0,1997.0,1205.0,1353.0,340300.0,2096.0,2014,08,035
"Douglas County, Colorado",102964.0,45500.0,167128.0,60500.0,12110.0,37.6,306974.0,1997.0,1270.0,1399.0,354700.0,2036.0,2015,08,035
"Douglas County, Colorado",105759.0,47062.0,171294.0,63552.0,11807.0,37.8,314238.0,1997.0,1332.0,1459.0,376300.0,2040.0,2016,08,035
"Douglas County, Colorado",111154.0,48725.0,175748.0,65865.0,11636.0,38.1,320940.0,1998.0,1420.0,1574.0,407100.0,2087.0,2017,08,035
"Douglas County, Colorado",115314.0,51017.0,182417.0,67370.0,11333.0,38.4,328614.0,1998.0,1480.0,1655.0,441100.0,2195.0,2018,08,035
"Douglas County, Colorado",119730.0,53313.0,188204.0,69637.0,10275.0,38.7,336041.0,1999,1565.0,1725.0,468700.0,2294.0,2019,08,035
"Douglas County, Colorado",121393.0,53836.0,192862.0,73916.0,10911.0,39.0,344280.0,1999,1616.0,1749.0,493500.0,2357.0,2020,08,035
"Douglas County, Colorado",127443.0,57481.0,199079.0,75377.0,10594.0,39.1,351929.0,2000,1711.0,1838.0,540400.0,2469.0,2021,08,035
"Eagle County, Colorado",70914.0,38174.0,33286.0,6948.0,5266.0,33.6,51457.0,1988.0,1090.0,1169.0,530200.0,2277.0,2011,08,037
"Eagle County, Colorado",71030.0,38665.0,33628.0,7032.0,5138.0,34.2,51850.0,1988.0,1112.0,1204.0,491500.0,2240.0,2012,08,037
"Eagle County, Colorado",74456.0,39497.0,33388.0,7780.0,5666.0,34.7,52151.0,1989.0,1085.0,1196.0,453300.0,2281.0,2013,08,037
"Eagle County, Colorado",73774.0,39355.0,33296.0,8028.0,5166.0,35.1,52233.0,1990.0,1116.0,1231.0,435600.0,2222.0,2014,08,037
"Eagle County, Colorado",72214.0,38193.0,33281.0,8298.0,4780.0,35.6,52576.0,1991.0,1157.0,1272.0,419400.0,2080.0,2015,08,037
"Eagle County, Colorado",78763.0,38604.0,33692.0,8233.0,4237.0,35.9,52894.0,1990.0,1197.0,1284.0,438500.0,2083.0,2016,08,037
"Eagle County, Colorado",83803.0,40450.0,34405.0,8494.0,4128.0,36.5,53726.0,1991.0,1273.0,1370.0,471100.0,2114.0,2017,08,037
"Eagle County, Colorado",84685.0,41064.0,34358.0,9199.0,3793.0,36.5,54357.0,1991.0,1390.0,1507.0,538600.0,2139.0,2018,08,037
"Eagle County, Colorado",84790.0,44391.0,34862.0,9202.0,4354.0,37.0,54681.0,1991,1458.0,1594.0,562300.0,2209.0,2019,08,037
"Eagle County, Colorado",85877.0,47406.0,34110.0,10361.0,5033.0,36.8,54960.0,1991,1504.0,1611.0,617200.0,2284.0,2020,08,037
"Eagle County, Colorado",91338.0,49010.0,33899.0,11290.0,5102.0,37.8,55693.0,1991,1675.0,1724.0,640400.0,2431.0,2021,08,037
"Elbert County, Colorado",79367.0,34527.0,12804.0,4978.0,1315.0,42.3,22859.0,1992.0,756.0,956.0,344200.0,2158.0,2011,08,039
"Elbert County, Colorado",80811.0,35034.0,12843.0,5199.0,1384.0,43.0,23058.0,1992.0,924.0,1088.0,334400.0,2075.0,2012,08,039
"Elbert County, Colorado",82118.0,36077.0,12840.0,5487.0,1503.0,43.8,23295.0,1993.0,948.0,1085.0,333600.0,2106.0,2013,08,039
"Elbert County, Colorado",82154.0,36421.0,12973.0,5755.0,1712.0,44.5,23545.0,1993.0,911.0,1109.0,327300.0,2052.0,2014,08,039
"Elbert County, Colorado",84963.0,38021.0,13275.0,5859.0,1649.0,45.1,23855.0,1993.0,892.0,1083.0,337400.0,1995.0,2015,08,039
"Elbert County, Colorado",87288.0,39360.0,13331.0,6191.0,1221.0,45.4,24225.0,1992.0,919.0,1202.0,353700.0,1957.0,2016,08,039
"Elbert County, Colorado",92849.0,42522.0,13596.0,6140.0,1160.0,45.6,24553.0,1993.0,839.0,1029.0,380000.0,2036.0,2017,08,039
"Elbert County, Colorado",96658.0,43349.0,13861.0,6402.0,1110.0,46.1,25162.0,1993.0,856.0,1038.0,425500.0,2124.0,2018,08,039
"Elbert County, Colorado",99199.0,44690.0,14071.0,6747.0,1230.0,46.1,25717.0,1994,948.0,1182.0,463600.0,2206.0,2019,08,039
"Elbert County, Colorado",104231.0,43911.0,14190.0,7203.0,1264.0,46.2,26230.0,1994,1080.0,1203.0,492300.0,2226.0,2020,08,039
"Elbert County, Colorado",114904.0,50147.0,14115.0,7061.0,1084.0,46.2,25897.0,1995,1112.0,1229.0,538800.0,2343.0,2021,08,039
"El Paso County, Colorado",57079.0,28624.0,327123.0,141503.0,69255.0,34.2,611377.0,1983.0,732.0,854.0,217000.0,1560.0,2011,08,041
"El Paso County, Colorado",57531.0,28776.0,331356.0,147053.0,75363.0,34.1,622816.0,1983.0,752.0,884.0,217500.0,1568.0,2012,08,041
"El Paso County, Colorado",57125.0,28867.0,336619.0,151248.0,76520.0,33.8,634423.0,1984.0,782.0,910.0,213500.0,1545.0,2013,08,041
"El Paso County, Colorado",57487.0,29314.0,341181.0,156631.0,78493.0,33.6,645707.0,1984.0,799.0,941.0,214300.0,1525.0,2014,08,041
"El Paso County, Colorado",58206.0,29659.0,345313.0,161249.0,75033.0,33.6,655024.0,1984.0,836.0,976.0,218300.0,1489.0,2015,08,041
"El Paso County, Colorado",60219.0,30261.0,350957.0,164852.0,73012.0,33.8,665171.0,1985.0,866.0,1012.0,227000.0,1488.0,2016,08,041
"El Paso County, Colorado",62535.0,31217.0,355473.0,169724.0,72699.0,34.0,674826.0,1985.0,913.0,1070.0,238200.0,1515.0,2017,08,041
"El Paso County, Colorado",65334.0,32348.0,364071.0,173477.0,72948.0,34.1,688153.0,1986.0,967.0,1119.0,254300.0,1554.0,2018,08,041
"El Paso County, Colorado",68779.0,33728.0,371817.0,175977.0,68548.0,34.2,698974.0,1986,1025.0,1174.0,275000.0,1608.0,2019,08,041
"El Paso County, Colorado",71517.0,35177.0,379888.0,178031.0,67975.0,34.4,710499.0,1987,1094.0,1234.0,300200.0,1650.0,2020,08,041
"El Paso County, Colorado",75909.0,37619.0,388055.0,180339.0,67252.0,34.6,722736.0,1987,1205.0,1347.0,331400.0,1757.0,2021,08,041
"Fremont County, Colorado",38979.0,19657.0,16070.0,24294.0,5674.0,42.9,47040.0,1978.0,564.0,695.0,158200.0,1137.0,2011,08,043
"Fremont County, Colorado",40893.0,19379.0,15940.0,24568.0,5376.0,43.0,47006.0,1977.0,593.0,711.0,161100.0,1178.0,2012,08,043
"Fremont County, Colorado",39943.0,18954.0,15558.0,24558.0,6262.0,43.4,46850.0,1978.0,601.0,713.0,159500.0,1198.0,2013,08,043
"Fremont County, Colorado",40569.0,19161.0,15637.0,24209.0,6274.0,43.3,46879.0,1979.0,591.0,697.0,157400.0,1175.0,2014,08,043
"Fremont County, Colorado",40423.0,18619.0,15456.0,24401.0,6272.0,43.5,46809.0,1979.0,605.0,712.0,158500.0,1143.0,2015,08,043
"Fremont County, Colorado",42308.0,19427.0,15602.0,24511.0,6012.0,44.3,46835.0,1980.0,625.0,741.0,159000.0,1135.0,2016,08,043
"Fremont County, Colorado",44712.0,20919.0,15386.0,24534.0,5654.0,44.8,46601.0,1981.0,637.0,786.0,160000.0,1132.0,2017,08,043
"Fremont County, Colorado",46296.0,21965.0,15148.0,25009.0,5547.0,44.9,47002.0,1979.0,654.0,805.0,163300.0,1153.0,2018,08,043
"Fremont County, Colorado",49409.0,22692.0,15191.0,25573.0,5226.0,45.1,47321.0,1980,672.0,838.0,174000.0,1187.0,2019,08,043
"Fremont County, Colorado",52364.0,24703.0,15591.0,25533.0,4864.0,45.2,47725.0,1980,687.0,853.0,197500.0,1235.0,2020,08,043
"Fremont County, Colorado",53411.0,25371.0,16101.0,25919.0,5389.0,44.8,49007.0,1979,703.0,894.0,217500.0,1258.0,2021,08,043
"Garfield County, Colorado",63929.0,27901.0,31403.0,10836.0,5759.0,34.2,55696.0,1987.0,969.0,1127.0,343700.0,1824.0,2011,08,045
"Garfield County, Colorado",60215.0,26989.0,31704.0,11156.0,6031.0,34.7,56330.0,1988.0,997.0,1133.0,323100.0,1860.0,2012,08,045
"Garfield County, Colorado",57022.0,26603.0,31539.0,11685.0,6598.0,35.1,56687.0,1989.0,992.0,1129.0,302700.0,1873.0,2013,08,045
"Garfield County, Colorado",57214.0,27022.0,31345.0,11970.0,6503.0,35.6,56684.0,1990.0,991.0,1111.0,290600.0,1826.0,2014,08,045
"Garfield County, Colorado",56590.0,27574.0,31292.0,12442.0,6786.0,35.9,57076.0,1989.0,1008.0,1140.0,287500.0,1745.0,2015,08,045
"Garfield County, Colorado",61300.0,29179.0,31780.0,12443.0,6274.0,36.1,57495.0,1991.0,977.0,1135.0,299700.0,1732.0,2016,08,045
"Garfield County, Colorado",66503.0,31483.0,32157.0,12465.0,5449.0,36.2,57945.0,1991.0,1034.0,1169.0,323800.0,1733.0,2017,08,045
"Garfield County, Colorado",72898.0,32491.0,32807.0,12328.0,4662.0,36.3,58538.0,1991.0,1077.0,1215.0,337900.0,1756.0,2018,08,045
"Garfield County, Colorado",75937.0,33393.0,33053.0,12655.0,5009.0,36.5,59055.0,1991,1091.0,1201.0,360600.0,1782.0,2019,08,045
"Garfield County, Colorado",75435.0,33826.0,33152.0,12977.0,4454.0,36.6,59605.0,1991,1048.0,1177.0,375600.0,1931.0,2020,08,045
"Garfield County, Colorado",77212.0,35608.0,34525.0,12963.0,4771.0,36.8,61221.0,1991,1150.0,1277.0,383600.0,1970.0,2021,08,045
"Gilpin County, Colorado",59394.0,33439.0,3277.0,1136.0,508.0,44.7,5241.0,1983.0,827.0,1042.0,320700.0,1724.0,2011,08,047
"Gilpin County, Colorado",62286.0,35473.0,3192.0,1314.0,547.0,44.5,5358.0,1983.0,886.0,1059.0,295800.0,1637.0,2012,08,047
"Gilpin County, Colorado",63885.0,38022.0,3265.0,1284.0,589.0,44.8,5477.0,1982.0,902.0,1029.0,281700.0,1642.0,2013,08,047
"Gilpin County, Colorado",65851.0,37375.0,3175.0,1311.0,568.0,43.3,5557.0,1979.0,884.0,1043.0,260000.0,1558.0,2014,08,047
"Gilpin County, Colorado",65670.0,38361.0,3321.0,1328.0,413.0,44.7,5605.0,1978.0,873.0,1029.0,252800.0,1491.0,2015,08,047
"Gilpin County, Colorado",67544.0,37027.0,3260.0,1398.0,392.0,44.8,5708.0,1978.0,908.0,1058.0,255000.0,1418.0,2016,08,047
"Gilpin County, Colorado",72544.0,45110.0,3514.0,1302.0,315.0,45.2,5793.0,1979.0,885.0,1044.0,301700.0,1582.0,2017,08,047
"Gilpin County, Colorado",75120.0,48460.0,3733.0,1332.0,238.0,45.7,5924.0,1981.0,948.0,1109.0,337400.0,1609.0,2018,08,047
"Gilpin County, Colorado",76429.0,49641.0,3908.0,1383.0,286.0,49.0,6018.0,1983,1029.0,1159.0,353400.0,1819.0,2019,08,047
"Gilpin County, Colorado",90547.0,59076.0,3926.0,1363.0,326.0,49.1,6108.0,1988,1123.0,1245.0,387000.0,1876.0,2020,08,047
"Gilpin County, Colorado",96784.0,66627.0,3815.0,1301.0,454.0,49.2,5812.0,1988,1093.0,1228.0,411500.0,1977.0,2021,08,047
"Grand County, Colorado",64281.0,30519.0,8473.0,3478.0,1261.0,41.1,14634.0,1981.0,709.0,877.0,283200.0,1464.0,2011,08,049
"Grand County, Colorado",64416.0,31319.0,8768.0,3156.0,1255.0,41.1,14608.0,1984.0,719.0,888.0,282200.0,1467.0,2012,08,049
"Grand County, Colorado",64664.0,31684.0,8848.0,3085.0,1602.0,41.5,14535.0,1985.0,799.0,957.0,282000.0,1551.0,2013,08,049
"Grand County, Colorado",64109.0,31713.0,8627.0,3148.0,1736.0,42.0,14478.0,1987.0,810.0,982.0,292700.0,1524.0,2014,08,049
"Grand County, Colorado",63628.0,31432.0,8773.0,3235.0,1543.0,42.5,14411.0,1988.0,851.0,1024.0,282000.0,1478.0,2015,08,049
"Grand County, Colorado",67623.0,32348.0,8934.0,3187.0,1523.0,43.0,14490.0,1988.0,852.0,987.0,297500.0,1469.0,2016,08,049
"Grand County, Colorado",66489.0,32919.0,9254.0,3272.0,1927.0,44.1,14793.0,1989.0,877.0,1013.0,285000.0,1410.0,2017,08,049
"Grand County, Colorado",70469.0,34717.0,9100.0,3683.0,1691.0,43.5,15066.0,1989.0,899.0,1010.0,295800.0,1470.0,2018,08,049
"Grand County, Colorado",71198.0,37876.0,8941.0,3973.0,1440.0,42.9,15303.0,1989,955.0,1047.0,308200.0,1544.0,2019,08,049
"Grand County, Colorado",71769.0,39547.0,9124.0,4045.0,1405.0,43.5,15536.0,1989,922.0,976.0,347400.0,1576.0,2020,08,049
"Grand County, Colorado",69353.0,39377.0,9118.0,4128.0,1677.0,43.6,15629.0,1990,958.0,1019.0,374800.0,1652.0,2021,08,049
"Gunnison County, Colorado",50073.0,28862.0,9497.0,3442.0,1949.0,33.5,15274.0,1981.0,727.0,858.0,338100.0,1763.0,2011,08,051
"Gunnison County, Colorado",50091.0,28280.0,9485.0,3505.0,2324.0,34.3,15385.0,1982.0,733.0,860.0,327400.0,1703.0,2012,08,051
"Gunnison County, Colorado",52332.0,27654.0,9609.0,3307.0,2545.0,34.1,15421.0,1983.0,725.0,844.0,329500.0,1649.0,2013,08,051
"Gunnison County, Colorado",51371.0,27070.0,9720.0,3255.0,2570.0,34.2,15503.0,1983.0,763.0,882.0,325800.0,1600.0,2014,08,051
"Gunnison County, Colorado",48071.0,25584.0,9775.0,3382.0,2509.0,34.3,15651.0,1983.0,769.0,903.0,319200.0,1486.0,2015,08,051
"Gunnison County, Colorado",50746.0,25920.0,9787.0,3583.0,2319.0,34.4,15889.0,1981.0,765.0,882.0,311700.0,1524.0,2016,08,051
"Gunnison County, Colorado",52651.0,27669.0,10174.0,3515.0,2170.0,34.5,16215.0,1981.0,775.0,908.0,313900.0,1466.0,2017,08,051
"Gunnison County, Colorado",54979.0,30127.0,10149.0,3859.0,2084.0,34.5,16537.0,1983.0,831.0,1005.0,339400.0,1539.0,2018,08,051
"Gunnison County, Colorado",56577.0,32191.0,10273.0,3984.0,2154.0,34.5,16802.0,1984,869.0,992.0,367300.0,1611.0,2019,08,051
"Gunnison County, Colorado",60557.0,33727.0,10518.0,4086.0,2034.0,34.8,17119.0,1984,872.0,998.0,381900.0,1703.0,2020,08,051
"Gunnison County, Colorado",63341.0,37642.0,10468.0,3948.0,2080.0,36.1,16851.0,1986,918.0,1104.0,435800.0,1857.0,2021,08,051
"Hinsdale County, Colorado",77321.0,38528.0,371.0,279.0,27.0,54.9,731.0,1980.0,534.0,837.0,284800.0,1694.0,2011,08,053
"Hinsdale County, Colorado",54844.0,36524.0,378.0,323.0,40.0,56.5,790.0,1979.0,543.0,846.0,252700.0,1538.0,2012,08,053
"Hinsdale County, Colorado",56667.0,36365.0,398.0,324.0,41.0,56.5,809.0,1981.0,520.0,808.0,261700.0,1560.0,2013,08,053
"Hinsdale County, Colorado",55682.0,36046.0,431.0,348.0,65.0,57.5,871.0,1983.0,550.0,722.0,264800.0,1408.0,2014,08,053
"Hinsdale County, Colorado",57083.0,33816.0,465.0,291.0,70.0,55.2,874.0,1983.0,538.0,692.0,276000.0,1417.0,2015,08,053
"Hinsdale County, Colorado",51250.0,29958.0,435.0,302.0,96.0,56.4,856.0,1981.0,547.0,696.0,275400.0,1400.0,2016,08,053
"Hinsdale County, Colorado",53056.0,29574.0,416.0,288.0,98.0,57.2,820.0,1982.0,554.0,700.0,325400.0,1339.0,2017,08,053
"Hinsdale County, Colorado",52188.0,34644.0,420.0,334.0,114.0,57.5,878.0,1983.0,577.0,732.0,331100.0,1283.0,2018,08,053
"Hinsdale County, Colorado",56339.0,33570.0,403.0,329.0,84.0,56.1,857.0,1982,621.0,756.0,350000.0,1380.0,2019,08,053
"Hinsdale County, Colorado",39038.0,34595.0,368.0,310.0,80.0,55.5,781.0,1983,648.0,815.0,325000.0,1758.0,2020,08,053
"Hinsdale County, Colorado",45714.0,39213.0,385.0,385.0,80.0,56.9,858.0,1984,718.0,838.0,338600.0,1767.0,2021,08,053
"Huerfano County, Colorado",29737.0,22167.0,2484.0,3316.0,1340.0,50.8,6829.0,1975.0,478.0,647.0,149100.0,985.0,2011,08,055
"Huerfano County, Colorado",32754.0,23387.0,2491.0,3178.0,1254.0,51.5,6730.0,1977.0,500.0,676.0,159100.0,970.0,2012,08,055
"Huerfano County, Colorado",33298.0,24058.0,2659.0,2946.0,1265.0,52.6,6625.0,1977.0,514.0,744.0,152400.0,1014.0,2013,08,055
"Huerfano County, Colorado",32932.0,23440.0,2630.0,2928.0,1224.0,52.1,6550.0,1975.0,473.0,682.0,154700.0,1041.0,2014,08,055
"Huerfano County, Colorado",31715.0,23467.0,2601.0,2940.0,1171.0,53.5,6502.0,1975.0,434.0,597.0,147600.0,1016.0,2015,08,055
"Huerfano County, Colorado",33257.0,25062.0,2749.0,2796.0,1086.0,54.5,6521.0,1972.0,424.0,594.0,153400.0,1115.0,2016,08,055
"Huerfano County, Colorado",35801.0,25547.0,2615.0,2902.0,937.0,54.9,6498.0,1972.0,445.0,634.0,137400.0,1135.0,2017,08,055
"Huerfano County, Colorado",36705.0,25636.0,2705.0,2871.0,1024.0,55.1,6583.0,1973.0,440.0,631.0,157200.0,1138.0,2018,08,055
"Huerfano County, Colorado",38137.0,25140.0,2642.0,3026.0,1030.0,55.0,6679.0,1972,424.0,626.0,161600.0,1181.0,2019,08,055
"Huerfano County, Colorado",40255.0,25839.0,2543.0,3293.0,1066.0,55.6,6769.0,1973,425.0,633.0,183100.0,1164.0,2020,08,055
"Huerfano County, Colorado",45724.0,26111.0,2512.0,3307.0,1168.0,55.4,6787.0,1975,440.0,653.0,193200.0,1107.0,2021,08,055
"Jackson County, Colorado",48571.0,24466.0,858.0,365.0,221.0,45.8,1494.0,1972.0,564.0,676.0,122600.0,902.0,2011,08,057
"Jackson County, Colorado",45298.0,24803.0,804.0,340.0,171.0,46.5,1397.0,1973.0,558.0,692.0,121800.0,963.0,2012,08,057
"Jackson County, Colorado",43606.0,25936.0,741.0,384.0,121.0,46.7,1371.0,1972.0,557.0,717.0,123200.0,990.0,2013,08,057
"Jackson County, Colorado",45606.0,25818.0,796.0,340.0,203.0,46.5,1389.0,1974.0,527.0,708.0,124800.0,970.0,2014,08,057
"Jackson County, Colorado",46014.0,27938.0,776.0,363.0,155.0,50.8,1335.0,1974.0,527.0,721.0,158000.0,1113.0,2015,08,057
"Jackson County, Colorado",45053.0,26798.0,741.0,347.0,179.0,51.2,1306.0,1974.0,541.0,704.0,170300.0,1305.0,2016,08,057
"Jackson County, Colorado",45994.0,24299.0,720.0,377.0,175.0,49.2,1372.0,1976.0,547.0,706.0,171300.0,1298.0,2017,08,057
"Jackson County, Colorado",48828.0,25467.0,687.0,369.0,202.0,50.9,1296.0,1977.0,575.0,675.0,195400.0,1316.0,2018,08,057
"Jackson County, Colorado",53300.0,28199.0,652.0,455.0,121.0,51.6,1261.0,1978,579.0,625.0,196700.0,1162.0,2019,08,057
"Jackson County, Colorado",46157.0,30813.0,693.0,476.0,119.0,53.9,1316.0,1982,-666666666.0,-666666666.0,211500.0,1242.0,2020,08,057
"Jackson County, Colorado",44667.0,28619.0,676.0,558.0,200.0,55.0,1375.0,1980,681.0,681.0,239100.0,1174.0,2021,08,057
"Jefferson County, Colorado",67827.0,35587.0,302967.0,125278.0,44489.0,40.0,532243.0,1977.0,814.0,924.0,259400.0,1780.0,2011,08,059
"Jefferson County, Colorado",68748.0,36069.0,305275.0,127029.0,45532.0,40.2,536095.0,1977.0,849.0,958.0,260800.0,1767.0,2012,08,059
"Jefferson County, Colorado",68984.0,36087.0,305277.0,131848.0,45991.0,40.4,540669.0,1977.0,870.0,979.0,262400.0,1725.0,2013,08,059
"Jefferson County, Colorado",69698.0,36427.0,308558.0,134388.0,47009.0,40.4,546162.0,1977.0,892.0,1008.0,267200.0,1699.0,2014,08,059
"Jefferson County, Colorado",70164.0,37065.0,313044.0,136273.0,46423.0,40.4,552344.0,1977.0,934.0,1052.0,279500.0,1670.0,2015,08,059
"Jefferson County, Colorado",72017.0,38367.0,317010.0,138881.0,44629.0,40.5,558810.0,1978.0,994.0,1118.0,299100.0,1681.0,2016,08,059
"Jefferson County, Colorado",75170.0,40187.0,319846.0,141997.0,43339.0,40.4,564029.0,1978.0,1081.0,1205.0,334100.0,1734.0,2017,08,059
"Jefferson County, Colorado",78943.0,41930.0,325060.0,143228.0,41438.0,40.4,570427.0,1978.0,1183.0,1285.0,366800.0,1803.0,2018,08,059
"Jefferson County, Colorado",82986.0,44119.0,328453.0,145001.0,40118.0,40.3,574798.0,1978,1280.0,1376.0,397700.0,1863.0,2019,08,059
"Jefferson County, Colorado",87793.0,45581.0,331126.0,147512.0,38346.0,40.2,578795.0,1979,1348.0,1451.0,433100.0,1935.0,2020,08,059
"Jefferson County, Colorado",93933.0,49213.0,332976.0,147232.0,38940.0,40.2,580130.0,1979,1432.0,1555.0,463400.0,2072.0,2021,08,059
"Kiowa County, Colorado",41542.0,24098.0,882.0,472.0,223.0,43.2,1728.0,1958.0,342.0,599.0,75100.0,850.0,2011,08,061
"Kiowa County, Colorado",41739.0,21960.0,725.0,342.0,205.0,40.1,1393.0,1958.0,341.0,646.0,76100.0,853.0,2012,08,061
"Kiowa County, Colorado",40813.0,22482.0,727.0,360.0,243.0,40.9,1423.0,1960.0,368.0,661.0,79400.0,864.0,2013,08,061
"Kiowa County, Colorado",39375.0,22173.0,724.0,383.0,203.0,40.4,1407.0,1964.0,399.0,683.0,76400.0,894.0,2014,08,061
"Kiowa County, Colorado",40304.0,22731.0,740.0,410.0,189.0,41.2,1463.0,1966.0,393.0,582.0,83600.0,888.0,2015,08,061
"Kiowa County, Colorado",38385.0,21602.0,704.0,416.0,154.0,40.7,1465.0,1966.0,400.0,589.0,82700.0,908.0,2016,08,061
"Kiowa County, Colorado",39250.0,23621.0,652.0,395.0,142.0,41.1,1368.0,1967.0,431.0,619.0,83200.0,906.0,2017,08,061
"Kiowa County, Colorado",39784.0,24012.0,693.0,389.0,160.0,40.4,1449.0,1966.0,430.0,594.0,80100.0,881.0,2018,08,061
"Kiowa County, Colorado",41731.0,25937.0,717.0,399.0,177.0,42.5,1489.0,1963,495.0,750.0,86500.0,916.0,2019,08,061
"Kiowa County, Colorado",39503.0,23275.0,716.0,355.0,194.0,39.8,1463.0,1962,642.0,811.0,85900.0,893.0,2020,08,061
"Kiowa County, Colorado",45476.0,26540.0,697.0,357.0,183.0,41.6,1414.0,1962,633.0,793.0,105500.0,1082.0,2021,08,061
"Kit Carson County, Colorado",43194.0,21674.0,4112.0,2507.0,843.0,38.7,8178.0,1967.0,485.0,629.0,115900.0,1096.0,2011,08,063
"Kit Carson County, Colorado",42832.0,20846.0,4039.0,2577.0,871.0,39.0,8210.0,1969.0,424.0,587.0,118400.0,1170.0,2012,08,063
"Kit Carson County, Colorado",44157.0,21850.0,3996.0,2613.0,1027.0,38.8,8189.0,1969.0,440.0,612.0,121600.0,1140.0,2013,08,063
"Kit Carson County, Colorado",41495.0,21330.0,3810.0,2633.0,1135.0,38.4,8122.0,1969.0,506.0,644.0,121600.0,1108.0,2014,08,063
"Kit Carson County, Colorado",40603.0,21769.0,3644.0,2659.0,1157.0,38.9,7980.0,1970.0,521.0,672.0,122300.0,1116.0,2015,08,063
"Kit Carson County, Colorado",44449.0,24327.0,3919.0,2619.0,1033.0,39.2,8174.0,1970.0,570.0,760.0,123400.0,1106.0,2016,08,063
"Kit Carson County, Colorado",45881.0,26125.0,3842.0,2384.0,814.0,38.4,7846.0,1971.0,543.0,743.0,130200.0,1131.0,2017,08,063
"Kit Carson County, Colorado",51046.0,27471.0,3771.0,2254.0,705.0,38.5,7635.0,1971.0,606.0,763.0,140800.0,1177.0,2018,08,063
"Kit Carson County, Colorado",49349.0,27797.0,3645.0,2218.0,421.0,38.3,7447.0,1971,617.0,736.0,122400.0,1210.0,2019,08,063
"Kit Carson County, Colorado",50411.0,29276.0,3696.0,1931.0,520.0,38.4,7246.0,1972,645.0,803.0,127800.0,1216.0,2020,08,063
"Kit Carson County, Colorado",52917.0,33007.0,3558.0,1887.0,642.0,38.9,7071.0,1971,659.0,790.0,161100.0,1348.0,2021,08,063
"Lake County, Colorado",40543.0,21063.0,3733.0,1723.0,1524.0,34.5,7010.0,1960.0,679.0,862.0,171600.0,1128.0,2011,08,065
"Lake County, Colorado",45082.0,22622.0,4189.0,1455.0,1114.0,34.2,7372.0,1964.0,714.0,804.0,163800.0,1133.0,2012,08,065
"Lake County, Colorado",44610.0,25029.0,4164.0,1476.0,1032.0,34.9,7332.0,1969.0,749.0,858.0,164400.0,1150.0,2013,08,065
"Lake County, Colorado",46174.0,25998.0,4303.0,1454.0,872.0,39.0,7311.0,1963.0,737.0,917.0,168800.0,1255.0,2014,08,065
"Lake County, Colorado",45367.0,24399.0,4376.0,1541.0,833.0,39.0,7362.0,1964.0,650.0,850.0,168500.0,1350.0,2015,08,065
"Lake County, Colorado",46928.0,26693.0,4498.0,1628.0,836.0,39.4,7401.0,1965.0,720.0,844.0,184200.0,1373.0,2016,08,065
"Lake County, Colorado",46176.0,28492.0,4441.0,1948.0,939.0,39.3,7481.0,1964.0,737.0,889.0,197600.0,1399.0,2017,08,065
"Lake County, Colorado",46918.0,28062.0,4373.0,2151.0,1232.0,37.8,7585.0,1968.0,752.0,955.0,214000.0,1371.0,2018,08,065
"Lake County, Colorado",50565.0,29122.0,4435.0,2148.0,1110.0,36.7,7751.0,1970,837.0,982.0,232100.0,1402.0,2019,08,065
"Lake County, Colorado",65858.0,35264.0,4766.0,2083.0,1041.0,37.8,7845.0,1973,961.0,1086.0,258200.0,1356.0,2020,08,065
"Lake County, Colorado",73099.0,37837.0,4571.0,1701.0,568.0,35.4,7417.0,1971,1082.0,1152.0,262800.0,1505.0,2021,08,065
"La Plata County, Colorado",56910.0,30592.0,29125.0,12696.0,5172.0,38.1,50820.0,1984.0,828.0,964.0,342800.0,1661.0,2011,08,067
"La Plata County, Colorado",57407.0,30562.0,29225.0,13059.0,5510.0,37.7,51443.0,1985.0,847.0,971.0,336800.0,1648.0,2012,08,067
"La Plata County, Colorado",58080.0,30151.0,28892.0,14021.0,5687.0,38.3,52039.0,1986.0,870.0,1012.0,339400.0,1659.0,2013,08,067
"La Plata County, Colorado",58456.0,31016.0,28966.0,14395.0,5609.0,38.5,52547.0,1987.0,877.0,1026.0,333100.0,1621.0,2014,08,067
"La Plata County, Colorado",60278.0,31822.0,29512.0,14422.0,5432.0,38.8,53182.0,1987.0,860.0,984.0,332700.0,1602.0,2015,08,067
"La Plata County, Colorado",61910.0,32953.0,30123.0,14602.0,5569.0,39.0,53994.0,1987.0,888.0,1021.0,340500.0,1613.0,2016,08,067
"La Plata County, Colorado",62533.0,34501.0,30517.0,14751.0,5045.0,39.7,54469.0,1988.0,924.0,1090.0,356700.0,1646.0,2017,08,067
"La Plata County, Colorado",64372.0,37864.0,30796.0,14884.0,4609.0,39.9,55101.0,1988.0,938.0,1121.0,375400.0,1694.0,2018,08,067
"La Plata County, Colorado",68685.0,39493.0,30586.0,15493.0,4919.0,40.4,55617.0,1988,959.0,1147.0,395600.0,1728.0,2019,08,067
"La Plata County, Colorado",69291.0,38841.0,29757.0,16935.0,5608.0,40.8,56138.0,1989,1004.0,1195.0,415900.0,1748.0,2020,08,067
"La Plata County, Colorado",75089.0,40529.0,30081.0,16293.0,5222.0,41.3,55673.0,1989,1069.0,1235.0,430200.0,1833.0,2021,08,067
"Larimer County, Colorado",57215.0,30276.0,167493.0,72554.0,38585.0,35.1,296107.0,1984.0,798.0,887.0,244600.0,1614.0,2011,08,069
"Larimer County, Colorado",57927.0,30684.0,170089.0,74361.0,40034.0,35.4,300870.0,1985.0,841.0,934.0,245200.0,1593.0,2012,08,069
"Larimer County, Colorado",58626.0,30740.0,171088.0,77649.0,41846.0,35.5,305798.0,1985.0,872.0,973.0,247100.0,1577.0,2013,08,069
"Larimer County, Colorado",58844.0,31082.0,172892.0,81051.0,41375.0,35.5,311435.0,1986.0,894.0,1001.0,251600.0,1560.0,2014,08,069
"Larimer County, Colorado",59805.0,31304.0,176103.0,83890.0,42338.0,35.5,318227.0,1986.0,924.0,1035.0,263400.0,1537.0,2015,08,069
"Larimer County, Colorado",61942.0,32433.0,180054.0,86344.0,41640.0,35.6,325228.0,1987.0,964.0,1077.0,282500.0,1555.0,2016,08,069
"Larimer County, Colorado",64980.0,34087.0,182626.0,88939.0,40006.0,35.7,330976.0,1988.0,1023.0,1140.0,306600.0,1608.0,2017,08,069
"Larimer County, Colorado",67664.0,35390.0,187008.0,91223.0,39489.0,35.9,338161.0,1988.0,1120.0,1228.0,336200.0,1675.0,2018,08,069
"Larimer County, Colorado",71881.0,37363.0,191618.0,92605.0,38822.0,36.0,344786.0,1989,1197.0,1297.0,363800.0,1739.0,2019,08,069
"Larimer County, Colorado",76366.0,38142.0,195442.0,94618.0,37805.0,36.2,350523.0,1990,1232.0,1340.0,390600.0,1801.0,2020,08,069
"Larimer County, Colorado",80664.0,42596.0,198204.0,95655.0,38493.0,36.3,354670.0,1991,1323.0,1433.0,420200.0,1923.0,2021,08,069
"Las Animas County, Colorado",40617.0,22357.0,7098.0,5553.0,2727.0,43.6,15549.0,1960.0,572.0,744.0,147600.0,1180.0,2011,08,071
"Las Animas County, Colorado",41623.0,21941.0,7364.0,5267.0,2769.0,44.2,15385.0,1958.0,535.0,699.0,143200.0,1200.0,2012,08,071
"Las Animas County, Colorado",42261.0,22180.0,7135.0,5311.0,2599.0,44.4,15136.0,1962.0,507.0,711.0,151500.0,1197.0,2013,08,071
"Las Animas County, Colorado",45707.0,23365.0,6914.0,5270.0,2323.0,44.6,14789.0,1963.0,530.0,761.0,151200.0,1228.0,2014,08,071
"Las Animas County, Colorado",45067.0,22935.0,6504.0,5467.0,2055.0,45.0,14503.0,1963.0,531.0,755.0,150600.0,1158.0,2015,08,071
"Las Animas County, Colorado",42808.0,23857.0,6789.0,5156.0,1926.0,45.7,14322.0,1966.0,513.0,691.0,145800.0,1152.0,2016,08,071
"Las Animas County, Colorado",40586.0,24268.0,6567.0,5289.0,2266.0,46.0,14151.0,1970.0,507.0,702.0,145900.0,1148.0,2017,08,071
"Las Animas County, Colorado",41945.0,25118.0,6525.0,5398.0,2426.0,46.1,14179.0,1968.0,516.0,702.0,147100.0,1165.0,2018,08,071
"Las Animas County, Colorado",41817.0,25813.0,6359.0,5695.0,2474.0,45.9,14266.0,1971,514.0,712.0,151100.0,1170.0,2019,08,071
"Las Animas County, Colorado",44159.0,26918.0,6453.0,5597.0,2466.0,46.2,14323.0,1971,531.0,722.0,158600.0,1247.0,2020,08,071
"Las Animas County, Colorado",45118.0,26521.0,6319.0,6008.0,2945.0,46.4,14531.0,1970,562.0,761.0,168100.0,1277.0,2021,08,071
"Lincoln County, Colorado",43375.0,20579.0,2109.0,2466.0,452.0,39.9,5462.0,1965.0,443.0,624.0,104600.0,1085.0,2011,08,073
"Lincoln County, Colorado",43807.0,19858.0,2013.0,2575.0,399.0,39.4,5443.0,1965.0,478.0,640.0,105700.0,1155.0,2012,08,073
"Lincoln County, Colorado",41910.0,19703.0,1860.0,2741.0,532.0,39.3,5442.0,1967.0,505.0,647.0,115000.0,1188.0,2013,08,073
"Lincoln County, Colorado",43701.0,17594.0,1796.0,2843.0,620.0,38.7,5462.0,1967.0,515.0,677.0,124300.0,1206.0,2014,08,073
"Lincoln County, Colorado",39005.0,15203.0,1588.0,2948.0,624.0,37.8,5478.0,1970.0,543.0,705.0,118300.0,1173.0,2015,08,073
"Lincoln County, Colorado",40438.0,14210.0,1425.0,3139.0,597.0,37.5,5515.0,1969.0,571.0,744.0,126400.0,1238.0,2016,08,073
"Lincoln County, Colorado",44725.0,14765.0,1509.0,3054.0,492.0,38.5,5520.0,1970.0,584.0,781.0,132100.0,1168.0,2017,08,073
"Lincoln County, Colorado",49423.0,16219.0,1576.0,2999.0,475.0,37.9,5548.0,1969.0,608.0,808.0,135700.0,1153.0,2018,08,073
"Lincoln County, Colorado",47258.0,16753.0,1540.0,3047.0,515.0,38.0,5585.0,1969,604.0,780.0,147100.0,1193.0,2019,08,073
"Lincoln County, Colorado",47042.0,16755.0,1507.0,3085.0,472.0,37.7,5608.0,1966,623.0,744.0,157500.0,1181.0,2020,08,073
"Lincoln County, Colorado",46894.0,19758.0,1863.0,2738.0,478.0,38.4,5630.0,1969,637.0,745.0,163900.0,1205.0,2021,08,073
"Logan County, Colorado",42324.0,23601.0,12355.0,6037.0,3219.0,38.1,22417.0,1960.0,450.0,573.0,121400.0,1027.0,2011,08,075
"Logan County, Colorado",41369.0,22815.0,12294.0,6302.0,3426.0,37.5,22541.0,1962.0,495.0,615.0,121200.0,1051.0,2012,08,075
"Logan County, Colorado",40415.0,22581.0,12008.0,6762.0,3788.0,37.2,22607.0,1963.0,478.0,617.0,119800.0,1063.0,2013,08,075
"Logan County, Colorado",41749.0,23533.0,12048.0,6738.0,3630.0,37.1,22604.0,1964.0,512.0,634.0,122300.0,1093.0,2014,08,075
"Logan County, Colorado",42319.0,23916.0,11458.0,6792.0,3529.0,37.6,21928.0,1961.0,560.0,673.0,124700.0,1044.0,2015,08,075
"Logan County, Colorado",43340.0,23692.0,11323.0,6839.0,3394.0,37.1,21862.0,1964.0,612.0,700.0,137300.0,1082.0,2016,08,075
"Logan County, Colorado",44876.0,24595.0,11079.0,6692.0,3500.0,37.5,21885.0,1964.0,612.0,712.0,148700.0,1087.0,2017,08,075
"Logan County, Colorado",48922.0,25776.0,11152.0,6395.0,3117.0,38.4,21689.0,1964.0,637.0,744.0,154500.0,1132.0,2018,08,075
"Logan County, Colorado",53318.0,26727.0,11653.0,6626.0,2701.0,38.2,22380.0,1962,660.0,786.0,157900.0,1147.0,2019,08,075
"Logan County, Colorado",49560.0,26281.0,11853.0,6855.0,2304.0,38.9,22282.0,1962,677.0,816.0,161800.0,1180.0,2020,08,075
"Logan County, Colorado",50998.0,27849.0,11330.0,6398.0,2350.0,38.1,21765.0,1961,675.0,800.0,177100.0,1270.0,2021,08,075
"Mesa County, Colorado",52986.0,27680.0,73945.0,40512.0,18052.0,37.9,144766.0,1982.0,705.0,837.0,222800.0,1412.0,2011,08,077
"Mesa County, Colorado",51029.0,27030.0,74231.0,41645.0,19230.0,37.9,146562.0,1982.0,697.0,848.0,216600.0,1410.0,2012,08,077
"Mesa County, Colorado",49471.0,26700.0,73673.0,43055.0,21157.0,38.2,147432.0,1984.0,714.0,842.0,210100.0,1405.0,2013,08,077
"Mesa County, Colorado",48610.0,26518.0,73943.0,43135.0,22726.0,38.2,147509.0,1984.0,715.0,841.0,203200.0,1375.0,2014,08,077
"Mesa County, Colorado",49322.0,26569.0,74434.0,43126.0,22545.0,38.4,147834.0,1984.0,719.0,837.0,199000.0,1318.0,2015,08,077
"Mesa County, Colorado",50070.0,26731.0,74819.0,43523.0,23633.0,38.8,148166.0,1985.0,749.0,875.0,201500.0,1305.0,2016,08,077
"Mesa County, Colorado",51971.0,27612.0,74921.0,44528.0,23238.0,38.9,148798.0,1985.0,777.0,907.0,207900.0,1303.0,2017,08,077
"Mesa County, Colorado",53683.0,28518.0,75574.0,45169.0,22978.0,39.1,149998.0,1985.0,793.0,934.0,214400.0,1302.0,2018,08,077
"Mesa County, Colorado",55379.0,29596.0,75903.0,46170.0,21032.0,39.7,151218.0,1985,839.0,963.0,227000.0,1313.0,2019,08,077
"Mesa County, Colorado",57157.0,29783.0,76556.0,47198.0,19425.0,40.0,152962.0,1985,839.0,963.0,245000.0,1339.0,2020,08,077
"Mesa County, Colorado",62127.0,33073.0,77350.0,47979.0,17937.0,40.3,154685.0,1986,860.0,982.0,264100.0,1385.0,2021,08,077
"Mineral County, Colorado",54375.0,50502.0,390.0,299.0,51.0,58.5,723.0,1981.0,648.0,694.0,284700.0,1199.0,2011,08,079
"Mineral County, Colorado",52750.0,42539.0,391.0,290.0,47.0,60.3,702.0,1982.0,684.0,707.0,273600.0,1375.0,2012,08,079
"Mineral County, Colorado",47083.0,42255.0,374.0,345.0,49.0,60.8,761.0,1982.0,655.0,670.0,275000.0,1298.0,2013,08,079
"Mineral County, Colorado",47986.0,34305.0,342.0,325.0,48.0,61.2,704.0,1984.0,644.0,663.0,280200.0,1378.0,2014,08,079
"Mineral County, Colorado",48125.0,32271.0,314.0,365.0,56.0,60.9,733.0,1985.0,719.0,761.0,277100.0,1388.0,2015,08,079
"Mineral County, Colorado",49125.0,35041.0,332.0,402.0,65.0,61.2,793.0,1985.0,632.0,639.0,277500.0,1508.0,2016,08,079
"Mineral County, Colorado",50385.0,33018.0,383.0,373.0,100.0,58.5,834.0,1986.0,631.0,638.0,279000.0,1470.0,2017,08,079
"Mineral County, Colorado",61058.0,35229.0,429.0,321.0,99.0,58.6,823.0,1988.0,719.0,719.0,293600.0,1552.0,2018,08,079
"Mineral County, Colorado",62188.0,33955.0,429.0,301.0,113.0,56.1,824.0,1988,488.0,720.0,308600.0,1615.0,2019,08,079
"Mineral County, Colorado",53571.0,30908.0,489.0,252.0,127.0,51.0,853.0,1988,750.0,750.0,329300.0,1478.0,2020,08,079
"Mineral County, Colorado",55556.0,33849.0,447.0,246.0,95.0,50.8,794.0,1988,823.0,823.0,354400.0,1589.0,2021,08,079
"Moffat County, Colorado",50758.0,23810.0,7322.0,3094.0,1780.0,36.4,13586.0,1977.0,622.0,741.0,178400.0,1300.0,2011,08,081
"Moffat County, Colorado",51008.0,23974.0,7294.0,3092.0,1606.0,36.4,13547.0,1977.0,613.0,738.0,184800.0,1376.0,2012,08,081
"Moffat County, Colorado",53231.0,24577.0,7219.0,3080.0,1515.0,36.3,13447.0,1977.0,622.0,724.0,176500.0,1360.0,2013,08,081
"Moffat County, Colorado",50123.0,24623.0,6978.0,3225.0,1516.0,36.7,13286.0,1976.0,626.0,739.0,177700.0,1352.0,2014,08,081
"Moffat County, Colorado",51387.0,24624.0,6738.0,3350.0,1462.0,37.1,13117.0,1976.0,616.0,721.0,175800.0,1288.0,2015,08,081
"Moffat County, Colorado",53664.0,26344.0,6640.0,3395.0,1419.0,37.7,13034.0,1976.0,601.0,726.0,170000.0,1258.0,2016,08,081
"Moffat County, Colorado",53010.0,27331.0,6611.0,3481.0,1305.0,37.7,13056.0,1976.0,616.0,732.0,169200.0,1238.0,2017,08,081
"Moffat County, Colorado",52807.0,27845.0,6531.0,3578.0,1796.0,37.8,13060.0,1975.0,630.0,777.0,170700.0,1285.0,2018,08,081
"Moffat County, Colorado",57229.0,29100.0,6480.0,3650.0,2206.0,36.6,13127.0,1976,625.0,779.0,182300.0,1336.0,2019,08,081
"Moffat County, Colorado",54583.0,29059.0,6501.0,3675.0,2320.0,36.7,13150.0,1977,695.0,841.0,190600.0,1320.0,2020,08,081
"Moffat County, Colorado",58583.0,29451.0,6413.0,3841.0,2320.0,37.4,13240.0,1977,732.0,873.0,201700.0,1372.0,2021,08,081
"Montezuma County, Colorado",45623.0,25612.0,12905.0,7316.0,4218.0,42.5,25372.0,1980.0,578.0,734.0,191500.0,1176.0,2011,08,083
"Montezuma County, Colorado",44102.0,24731.0,12567.0,7709.0,4911.0,42.8,25424.0,1980.0,562.0,703.0,187900.0,1193.0,2012,08,083
"Montezuma County, Colorado",43188.0,23548.0,12250.0,8112.0,4831.0,42.9,25512.0,1981.0,553.0,700.0,189400.0,1197.0,2013,08,083
"Montezuma County, Colorado",43431.0,23611.0,12325.0,8044.0,4636.0,43.1,25569.0,1980.0,560.0,713.0,184300.0,1157.0,2014,08,083
"Montezuma County, Colorado",43553.0,23470.0,12259.0,8185.0,4550.0,43.4,25700.0,1981.0,614.0,775.0,180400.0,1137.0,2015,08,083
"Montezuma County, Colorado",41622.0,22738.0,11886.0,8899.0,4811.0,43.4,26006.0,1982.0,607.0,745.0,187700.0,1153.0,2016,08,083
"Montezuma County, Colorado",45645.0,24440.0,11959.0,8588.0,4275.0,44.1,25770.0,1983.0,609.0,774.0,197900.0,1200.0,2017,08,083
"Montezuma County, Colorado",46797.0,25161.0,11780.0,8899.0,4140.0,44.4,25909.0,1983.0,611.0,762.0,208300.0,1276.0,2018,08,083
"Montezuma County, Colorado",49470.0,26072.0,11815.0,9157.0,3902.0,45.2,26031.0,1983,643.0,815.0,222800.0,1305.0,2019,08,083
"Montezuma County, Colorado",50717.0,26564.0,12026.0,9151.0,3228.0,45.2,26266.0,1982,643.0,802.0,238200.0,1327.0,2020,08,083
"Montezuma County, Colorado",58335.0,28520.0,11538.0,9345.0,3142.0,45.0,25916.0,1983,707.0,828.0,243500.0,1330.0,2021,08,083
"Montrose County, Colorado",47479.0,23498.0,20119.0,11877.0,5096.0,42.0,40812.0,1983.0,664.0,813.0,202200.0,1407.0,2011,08,085
"Montrose County, Colorado",47139.0,23018.0,20137.0,12197.0,5565.0,42.6,40994.0,1985.0,652.0,816.0,200900.0,1399.0,2012,08,085
"Montrose County, Colorado",45718.0,22897.0,19968.0,12476.0,6484.0,42.8,41020.0,1986.0,678.0,848.0,193700.0,1395.0,2013,08,085
"Montrose County, Colorado",44885.0,23408.0,19486.0,13114.0,6915.0,43.5,40885.0,1987.0,671.0,829.0,194600.0,1341.0,2014,08,085
"Montrose County, Colorado",43999.0,23144.0,18743.0,13855.0,7644.0,44.2,40815.0,1989.0,659.0,814.0,190900.0,1287.0,2015,08,085
"Montrose County, Colorado",43890.0,23276.0,18612.0,14172.0,7278.0,44.6,40866.0,1990.0,660.0,797.0,193300.0,1254.0,2016,08,085
"Montrose County, Colorado",44865.0,24308.0,18535.0,14208.0,7189.0,44.7,40908.0,1989.0,686.0,838.0,202500.0,1269.0,2017,08,085
"Montrose County, Colorado",48739.0,25803.0,18643.0,14562.0,6812.0,45.1,41268.0,1989.0,704.0,859.0,212900.0,1270.0,2018,08,085
"Montrose County, Colorado",50489.0,28078.0,18841.0,14748.0,6226.0,45.2,41686.0,1989,726.0,901.0,224400.0,1289.0,2019,08,085
"Montrose County, Colorado",54611.0,30017.0,19425.0,14840.0,5164.0,45.5,42280.0,1990,803.0,980.0,242300.0,1292.0,2020,08,085
"Montrose County, Colorado",57225.0,31403.0,19423.0,14870.0,4844.0,45.6,42328.0,1990,813.0,988.0,264900.0,1399.0,2021,08,085
"Morgan County, Colorado",42792.0,19753.0,13770.0,7408.0,4058.0,36.2,27943.0,1971.0,533.0,677.0,136700.0,1266.0,2011,08,087
"Morgan County, Colorado",42829.0,20276.0,13786.0,7487.0,4002.0,36.0,28200.0,1970.0,535.0,675.0,138900.0,1247.0,2012,08,087
"Morgan County, Colorado",43774.0,20680.0,13882.0,7514.0,3679.0,36.0,28308.0,1971.0,536.0,695.0,137000.0,1265.0,2013,08,087
"Morgan County, Colorado",46223.0,21297.0,13948.0,7468.0,3404.0,36.5,28342.0,1971.0,543.0,736.0,135000.0,1239.0,2014,08,087
"Morgan County, Colorado",48450.0,22101.0,14135.0,7364.0,3218.0,36.4,28359.0,1972.0,538.0,726.0,145500.0,1232.0,2015,08,087
"Morgan County, Colorado",49495.0,23408.0,14061.0,7433.0,2986.0,36.6,28288.0,1971.0,536.0,723.0,152800.0,1229.0,2016,08,087
"Morgan County, Colorado",51456.0,24077.0,13925.0,7601.0,2579.0,36.6,28123.0,1971.0,616.0,780.0,162900.0,1239.0,2017,08,087
"Morgan County, Colorado",51626.0,24189.0,13818.0,7822.0,2787.0,36.3,28257.0,1971.0,658.0,775.0,183900.0,1313.0,2018,08,087
"Morgan County, Colorado",53682.0,25064.0,14232.0,7668.0,3078.0,36.2,28517.0,1972,700.0,835.0,201200.0,1388.0,2019,08,087
"Morgan County, Colorado",58468.0,24800.0,13882.0,8122.0,3038.0,36.2,28617.0,1973,737.0,902.0,217200.0,1461.0,2020,08,087
"Morgan County, Colorado",62914.0,26919.0,14043.0,8073.0,3404.0,36.1,28868.0,1973,779.0,949.0,239800.0,1608.0,2021,08,087
"Otero County, Colorado",31246.0,17396.0,8398.0,6332.0,4650.0,40.4,18795.0,1955.0,395.0,588.0,93300.0,949.0,2011,08,089
"Otero County, Colorado",31860.0,18416.0,8454.0,6353.0,4502.0,40.6,18791.0,1956.0,396.0,591.0,90900.0,937.0,2012,08,089
"Otero County, Colorado",33848.0,19078.0,8372.0,6494.0,4573.0,40.5,18817.0,1957.0,412.0,630.0,91800.0,914.0,2013,08,089
"Otero County, Colorado",32594.0,18868.0,8241.0,6566.0,4661.0,39.8,18712.0,1957.0,419.0,646.0,93200.0,960.0,2014,08,089
"Otero County, Colorado",32311.0,19228.0,8193.0,6537.0,4396.0,39.7,18572.0,1958.0,434.0,655.0,91900.0,964.0,2015,08,089
"Otero County, Colorado",34477.0,19842.0,8058.0,6581.0,4154.0,40.3,18440.0,1958.0,465.0,653.0,92300.0,959.0,2016,08,089
"Otero County, Colorado",35051.0,20358.0,7910.0,6653.0,4085.0,40.2,18325.0,1960.0,491.0,703.0,91800.0,987.0,2017,08,089
"Otero County, Colorado",34136.0,20109.0,7637.0,6980.0,4421.0,40.2,18325.0,1961.0,465.0,669.0,91900.0,1036.0,2018,08,089
"Otero County, Colorado",38169.0,21110.0,7587.0,6904.0,4226.0,39.9,18282.0,1961,479.0,675.0,94900.0,1021.0,2019,08,089
"Otero County, Colorado",43075.0,23275.0,7556.0,6959.0,3966.0,40.4,18284.0,1961,511.0,687.0,101000.0,1036.0,2020,08,089
"Otero County, Colorado",45826.0,23689.0,7672.0,7174.0,4005.0,40.1,18665.0,1962,526.0,764.0,107500.0,1048.0,2021,08,089
"Ouray County, Colorado",61935.0,31329.0,2238.0,1301.0,315.0,47.4,4371.0,1991.0,968.0,1202.0,442600.0,2150.0,2011,08,091
"Ouray County, Colorado",66474.0,34278.0,2396.0,1482.0,265.0,52.4,4445.0,1992.0,955.0,1192.0,400300.0,2047.0,2012,08,091
"Ouray County, Colorado",64601.0,33015.0,2433.0,1479.0,251.0,52.5,4475.0,1992.0,929.0,1102.0,383900.0,2027.0,2013,08,091
"Ouray County, Colorado",60701.0,32562.0,2426.0,1560.0,334.0,52.5,4532.0,1992.0,818.0,1053.0,389600.0,1913.0,2014,08,091
"Ouray County, Colorado",61624.0,33392.0,2423.0,1587.0,355.0,52.9,4580.0,1993.0,810.0,1026.0,388600.0,1771.0,2015,08,091
"Ouray County, Colorado",62800.0,34993.0,2540.0,1547.0,425.0,53.3,4651.0,1994.0,921.0,1088.0,399400.0,1710.0,2016,08,091
"Ouray County, Colorado",61333.0,35544.0,2460.0,1597.0,484.0,53.7,4653.0,1993.0,958.0,1101.0,420600.0,1743.0,2017,08,091
"Ouray County, Colorado",62230.0,36138.0,2466.0,1644.0,466.0,53.0,4722.0,1994.0,978.0,1139.0,419900.0,1833.0,2018,08,091
"Ouray County, Colorado",66417.0,41160.0,2421.0,1715.0,344.0,54.1,4796.0,1994,991.0,1223.0,449000.0,1840.0,2019,08,091
"Ouray County, Colorado",68893.0,41481.0,2436.0,1832.0,326.0,53.5,4890.0,1993,1160.0,1305.0,486200.0,1750.0,2020,08,091
"Ouray County, Colorado",67228.0,42317.0,2296.0,1938.0,213.0,54.4,4850.0,1993,1069.0,1173.0,528000.0,1678.0,2021,08,091
"Park County, Colorado",61284.0,30908.0,9460.0,3959.0,1043.0,46.2,16259.0,1984.0,1023.0,1216.0,246100.0,1563.0,2011,08,093
"Park County, Colorado",62594.0,31419.0,9599.0,3932.0,1355.0,47.0,16168.0,1986.0,1102.0,1276.0,249600.0,1589.0,2012,08,093
"Park County, Colorado",61570.0,31504.0,9524.0,4078.0,1451.0,47.5,16131.0,1987.0,967.0,1180.0,247300.0,1579.0,2013,08,093
"Park County, Colorado",60800.0,31838.0,9606.0,4143.0,1329.0,48.4,16174.0,1990.0,869.0,1087.0,244300.0,1541.0,2014,08,093
"Park County, Colorado",56969.0,31734.0,9380.0,4449.0,1170.0,49.4,16189.0,1990.0,858.0,1088.0,244800.0,1505.0,2015,08,093
"Park County, Colorado",61675.0,34442.0,9243.0,4842.0,1022.0,50.0,16440.0,1991.0,944.0,1190.0,251700.0,1505.0,2016,08,093
"Park County, Colorado",61644.0,34377.0,9507.0,4945.0,1098.0,50.6,16900.0,1992.0,871.0,1098.0,262300.0,1514.0,2017,08,093
"Park County, Colorado",66861.0,35939.0,9551.0,5148.0,947.0,50.6,17392.0,1992.0,878.0,1106.0,284800.0,1537.0,2018,08,093
"Park County, Colorado",73622.0,36500.0,9398.0,5976.0,1293.0,50.7,17867.0,1991,891.0,1125.0,327200.0,1654.0,2019,08,093
"Park County, Colorado",76611.0,38042.0,9328.0,6459.0,1275.0,51.9,18345.0,1991,914.0,1167.0,367400.0,1654.0,2020,08,093
"Park County, Colorado",77775.0,39975.0,9097.0,5901.0,1075.0,51.3,17384.0,1991,986.0,1317.0,395800.0,1738.0,2021,08,093
"Phillips County, Colorado",44717.0,20995.0,2116.0,1218.0,518.0,42.1,4391.0,1955.0,404.0,595.0,121200.0,1104.0,2011,08,095
"Phillips County, Colorado",45339.0,21037.0,2064.0,1236.0,787.0,40.8,4380.0,1957.0,415.0,573.0,126900.0,1097.0,2012,08,095
"Phillips County, Colorado",43011.0,20720.0,2094.0,1282.0,858.0,40.4,4383.0,1957.0,425.0,595.0,132700.0,1115.0,2013,08,095
"Phillips County, Colorado",44390.0,22996.0,2158.0,1219.0,802.0,42.1,4385.0,1959.0,428.0,615.0,132900.0,1109.0,2014,08,095
"Phillips County, Colorado",43639.0,24967.0,2096.0,1334.0,658.0,43.7,4371.0,1958.0,436.0,589.0,132500.0,1056.0,2015,08,095
"Phillips County, Colorado",46955.0,26290.0,2141.0,1281.0,509.0,41.0,4347.0,1959.0,442.0,619.0,138500.0,1075.0,2016,08,095
"Phillips County, Colorado",50076.0,27790.0,2146.0,1201.0,345.0,38.5,4327.0,1957.0,447.0,634.0,132600.0,1046.0,2017,08,095
"Phillips County, Colorado",50724.0,29236.0,2064.0,1263.0,282.0,39.0,4318.0,1960.0,518.0,710.0,155500.0,1135.0,2018,08,095
"Phillips County, Colorado",51155.0,26494.0,1976.0,1267.0,256.0,37.1,4290.0,1957,527.0,751.0,158500.0,1092.0,2019,08,095
"Phillips County, Colorado",50426.0,29857.0,1913.0,1319.0,341.0,37.5,4343.0,1966,544.0,750.0,191200.0,1095.0,2020,08,095
"Phillips County, Colorado",50951.0,32223.0,2021.0,1283.0,599.0,37.8,4497.0,1964,537.0,777.0,213400.0,1236.0,2021,08,095
"Pitkin County, Colorado",68242.0,57179.0,10726.0,3398.0,1605.0,42.6,16709.0,1980.0,1281.0,1334.0,664300.0,1953.0,2011,08,097
"Pitkin County, Colorado",68621.0,52428.0,10906.0,3539.0,1863.0,43.0,17000.0,1981.0,1250.0,1354.0,618900.0,1994.0,2012,08,097
"Pitkin County, Colorado",72745.0,51814.0,10881.0,3708.0,1730.0,43.3,17173.0,1982.0,1240.0,1377.0,611200.0,2094.0,2013,08,097
"Pitkin County, Colorado",71060.0,54441.0,11108.0,3697.0,1515.0,43.3,17303.0,1984.0,1084.0,1242.0,570700.0,2079.0,2014,08,097
"Pitkin County, Colorado",71196.0,55519.0,11180.0,3731.0,1709.0,43.4,17420.0,1984.0,1144.0,1278.0,620700.0,2048.0,2015,08,097
"Pitkin County, Colorado",69789.0,59229.0,11605.0,3513.0,1507.0,43.2,17543.0,1985.0,1206.0,1312.0,552900.0,1959.0,2016,08,097
"Pitkin County, Colorado",67755.0,65800.0,11978.0,3316.0,1250.0,43.3,17747.0,1985.0,1169.0,1241.0,593600.0,1947.0,2017,08,097
"Pitkin County, Colorado",71244.0,56180.0,12278.0,3113.0,1289.0,42.0,17909.0,1987.0,1223.0,1284.0,623400.0,1931.0,2018,08,097
"Pitkin County, Colorado",78935.0,54875.0,12315.0,3107.0,1200.0,41.8,17926.0,1985,1371.0,1473.0,615900.0,1996.0,2019,08,097
"Pitkin County, Colorado",82455.0,61261.0,12146.0,3285.0,1016.0,43.3,17980.0,1985,1492.0,1598.0,599000.0,2037.0,2020,08,097
"Pitkin County, Colorado",92708.0,76883.0,11391.0,3443.0,910.0,45.9,17471.0,1985,1506.0,1534.0,730300.0,2282.0,2021,08,097
"Prowers County, Colorado",34513.0,19337.0,6284.0,3248.0,2503.0,35.8,12615.0,1965.0,361.0,547.0,83100.0,920.0,2011,08,099
"Prowers County, Colorado",33671.0,18305.0,6060.0,3436.0,2695.0,36.7,12539.0,1964.0,375.0,528.0,83900.0,935.0,2012,08,099
"Prowers County, Colorado",34391.0,18941.0,5948.0,3501.0,2808.0,37.1,12473.0,1962.0,394.0,541.0,86100.0,978.0,2013,08,099
"Prowers County, Colorado",35408.0,19039.0,5917.0,3517.0,2618.0,37.4,12359.0,1962.0,405.0,548.0,86200.0,960.0,2014,08,099
"Prowers County, Colorado",40179.0,20087.0,6122.0,3247.0,2264.0,37.6,12235.0,1962.0,433.0,582.0,87400.0,999.0,2015,08,099
"Prowers County, Colorado",41037.0,20589.0,6067.0,3306.0,2422.0,37.5,12121.0,1962.0,473.0,633.0,88100.0,1019.0,2016,08,099
"Prowers County, Colorado",41740.0,22033.0,5913.0,3446.0,2147.0,37.4,12084.0,1964.0,494.0,677.0,94400.0,1068.0,2017,08,099
"Prowers County, Colorado",40097.0,21612.0,5793.0,3540.0,2218.0,38.0,12052.0,1966.0,472.0,677.0,94100.0,1082.0,2018,08,099
"Prowers County, Colorado",41929.0,23698.0,5772.0,3517.0,1866.0,38.3,12022.0,1967,487.0,697.0,106100.0,1116.0,2019,08,099
"Prowers County, Colorado",42648.0,23496.0,5595.0,3762.0,1883.0,38.5,12035.0,1970,489.0,696.0,108800.0,1137.0,2020,08,099
"Prowers County, Colorado",44984.0,24281.0,5330.0,3913.0,2001.0,37.9,11966.0,1971,436.0,701.0,108400.0,1143.0,2021,08,099
"Pueblo County, Colorado",41273.0,22056.0,73454.0,49878.0,27229.0,38.6,157946.0,1971.0,549.0,679.0,140700.0,1196.0,2011,08,101
"Pueblo County, Colorado",41820.0,22164.0,73558.0,50914.0,27975.0,38.8,159072.0,1971.0,570.0,707.0,140500.0,1192.0,2012,08,101
"Pueblo County, Colorado",41777.0,21940.0,73484.0,52084.0,29637.0,38.9,160048.0,1972.0,587.0,736.0,138700.0,1183.0,2013,08,101
"Pueblo County, Colorado",41974.0,22229.0,73695.0,52964.0,30102.0,38.8,160757.0,1972.0,593.0,761.0,137600.0,1177.0,2014,08,101
"Pueblo County, Colorado",41286.0,22191.0,73484.0,54236.0,31017.0,38.8,161519.0,1972.0,601.0,774.0,138600.0,1171.0,2015,08,101
"Pueblo County, Colorado",42000.0,22431.0,73137.0,55355.0,31907.0,38.8,162158.0,1973.0,618.0,783.0,142700.0,1173.0,2016,08,101
"Pueblo County, Colorado",42386.0,23110.0,73117.0,56779.0,31467.0,38.8,163368.0,1973.0,623.0,788.0,148000.0,1185.0,2017,08,101
"Pueblo County, Colorado",44634.0,24257.0,74283.0,56921.0,30467.0,38.9,164685.0,1973.0,638.0,803.0,155400.0,1225.0,2018,08,101
"Pueblo County, Colorado",46783.0,25051.0,74374.0,58289.0,30591.0,39.3,165982.0,1973,665.0,829.0,164600.0,1247.0,2019,08,101
"Pueblo County, Colorado",49979.0,26504.0,75369.0,58597.0,28840.0,39.7,167412.0,1973,697.0,853.0,172500.0,1249.0,2020,08,101
"Pueblo County, Colorado",53430.0,28540.0,75551.0,58505.0,28091.0,39.5,167453.0,1974,734.0,884.0,190000.0,1330.0,2021,08,101
"Rio Blanco County, Colorado",63125.0,27771.0,3505.0,1657.0,731.0,38.2,6616.0,1975.0,635.0,713.0,201600.0,1221.0,2011,08,103
"Rio Blanco County, Colorado",58393.0,26473.0,3490.0,1724.0,883.0,36.8,6728.0,1975.0,624.0,709.0,212000.0,1326.0,2012,08,103
"Rio Blanco County, Colorado",60128.0,27586.0,3455.0,1882.0,974.0,38.0,6770.0,1974.0,644.0,755.0,200400.0,1273.0,2013,08,103
"Rio Blanco County, Colorado",63910.0,27776.0,3530.0,1747.0,1085.0,36.8,6739.0,1976.0,629.0,736.0,199800.0,1270.0,2014,08,103
"Rio Blanco County, Colorado",61842.0,27274.0,3536.0,1644.0,1113.0,36.4,6712.0,1977.0,642.0,764.0,204800.0,1189.0,2015,08,103
"Rio Blanco County, Colorado",56771.0,27419.0,3411.0,1783.0,788.0,35.7,6658.0,1978.0,648.0,762.0,208400.0,1174.0,2016,08,103
"Rio Blanco County, Colorado",57991.0,28185.0,3267.0,1866.0,733.0,35.9,6557.0,1979.0,641.0,731.0,201000.0,1214.0,2017,08,103
"Rio Blanco County, Colorado",55543.0,27057.0,3095.0,1849.0,701.0,35.9,6465.0,1979.0,645.0,734.0,203100.0,1276.0,2018,08,103
"Rio Blanco County, Colorado",54357.0,26487.0,2982.0,2025.0,637.0,36.9,6384.0,1979,675.0,770.0,197100.0,1255.0,2019,08,103
"Rio Blanco County, Colorado",54247.0,28287.0,2918.0,2113.0,646.0,37.6,6369.0,1978,674.0,765.0,218500.0,1364.0,2020,08,103
"Rio Blanco County, Colorado",58239.0,28139.0,3110.0,1977.0,710.0,37.5,6495.0,1979,667.0,807.0,220100.0,1444.0,2021,08,103
"Rio Grande County, Colorado",37885.0,18762.0,5297.0,4032.0,2005.0,41.2,11913.0,1971.0,418.0,559.0,141600.0,1022.0,2011,08,105
"Rio Grande County, Colorado",38329.0,19968.0,5337.0,3978.0,2072.0,41.8,11925.0,1972.0,425.0,584.0,136500.0,1032.0,2012,08,105
"Rio Grande County, Colorado",38993.0,20557.0,5552.0,3762.0,2227.0,41.4,11913.0,1972.0,468.0,604.0,129500.0,1010.0,2013,08,105
"Rio Grande County, Colorado",38673.0,21104.0,5447.0,3835.0,2311.0,40.6,11840.0,1974.0,469.0,569.0,126300.0,1049.0,2014,08,105
"Rio Grande County, Colorado",39672.0,22269.0,5575.0,3694.0,2198.0,40.9,11745.0,1975.0,450.0,575.0,133700.0,1046.0,2015,08,105
"Rio Grande County, Colorado",40177.0,22918.0,5399.0,3811.0,2174.0,40.8,11623.0,1975.0,480.0,582.0,136400.0,1077.0,2016,08,105
"Rio Grande County, Colorado",38534.0,22412.0,5186.0,3944.0,2018.0,40.7,11430.0,1975.0,504.0,586.0,143000.0,1137.0,2017,08,105
"Rio Grande County, Colorado",38639.0,22413.0,4949.0,4162.0,1890.0,41.5,11351.0,1976.0,448.0,588.0,161300.0,1204.0,2018,08,105
"Rio Grande County, Colorado",39123.0,24582.0,5054.0,4073.0,1894.0,42.1,11305.0,1976,463.0,634.0,172000.0,1165.0,2019,08,105
"Rio Grande County, Colorado",43570.0,27300.0,5175.0,3941.0,1725.0,41.2,11300.0,1978,476.0,606.0,186700.0,1137.0,2020,08,105
"Rio Grande County, Colorado",50287.0,30215.0,5498.0,3770.0,1575.0,40.7,11476.0,1979,488.0,685.0,180600.0,1202.0,2021,08,105
"Routt County, Colorado",64230.0,34435.0,14762.0,4156.0,1602.0,39.0,23201.0,1985.0,1061.0,1198.0,434700.0,1849.0,2011,08,107
"Routt County, Colorado",65041.0,35307.0,14866.0,4303.0,1725.0,39.4,23385.0,1987.0,1087.0,1201.0,407700.0,1804.0,2012,08,107
"Routt County, Colorado",62002.0,34873.0,14863.0,4363.0,2094.0,39.7,23409.0,1988.0,1067.0,1160.0,390100.0,1825.0,2013,08,107
"Routt County, Colorado",61095.0,35019.0,14688.0,4688.0,2397.0,39.9,23428.0,1989.0,1039.0,1150.0,378100.0,1856.0,2014,08,107
"Routt County, Colorado",64963.0,36472.0,14653.0,4855.0,2369.0,40.1,23606.0,1990.0,1039.0,1137.0,394600.0,1823.0,2015,08,107
"Routt County, Colorado",63505.0,36692.0,14905.0,5151.0,2408.0,40.0,23980.0,1989.0,1053.0,1150.0,424300.0,1847.0,2016,08,107
"Routt County, Colorado",67472.0,38111.0,15070.0,5384.0,2567.0,39.9,24359.0,1988.0,1056.0,1166.0,460600.0,1890.0,2017,08,107
"Routt County, Colorado",74273.0,40727.0,15136.0,5783.0,2640.0,39.8,24874.0,1991.0,1089.0,1215.0,510600.0,1990.0,2018,08,107
"Routt County, Colorado",77443.0,43769.0,14975.0,6100.0,2705.0,40.2,25072.0,1990,1137.0,1282.0,535300.0,1967.0,2019,08,107
"Routt County, Colorado",76198.0,44727.0,14972.0,6367.0,2386.0,40.5,25317.0,1989,1259.0,1365.0,534100.0,1947.0,2020,08,107
"Routt County, Colorado",83725.0,50571.0,14447.0,6663.0,2130.0,41.5,24899.0,1989,1357.0,1448.0,570600.0,2029.0,2021,08,107
"Saguache County, Colorado",33672.0,20194.0,3170.0,1793.0,1542.0,43.1,6165.0,1981.0,413.0,604.0,131400.0,1012.0,2011,08,109
"Saguache County, Colorado",32429.0,20521.0,3176.0,1779.0,1518.0,43.8,6189.0,1981.0,419.0,593.0,131300.0,1006.0,2012,08,109
"Saguache County, Colorado",34600.0,20726.0,3121.0,1815.0,1518.0,44.6,6200.0,1981.0,434.0,626.0,135400.0,981.0,2013,08,109
"Saguache County, Colorado",33398.0,20569.0,2924.0,2041.0,1547.0,45.2,6211.0,1982.0,447.0,639.0,142200.0,1041.0,2014,08,109
"Saguache County, Colorado",33393.0,21711.0,2715.0,2245.0,1450.0,46.1,6238.0,1983.0,438.0,663.0,146700.0,1031.0,2015,08,109
"Saguache County, Colorado",32457.0,21356.0,2649.0,2302.0,1409.0,47.5,6255.0,1984.0,422.0,639.0,146600.0,978.0,2016,08,109
"Saguache County, Colorado",34765.0,22267.0,2670.0,2406.0,1327.0,48.8,6338.0,1985.0,457.0,633.0,150100.0,958.0,2017,08,109
"Saguache County, Colorado",34410.0,22901.0,2698.0,2500.0,1139.0,49.1,6468.0,1986.0,467.0,635.0,149500.0,989.0,2018,08,109
"Saguache County, Colorado",38571.0,22511.0,2932.0,2387.0,1152.0,49.0,6592.0,1986,509.0,631.0,152700.0,1022.0,2019,08,109
"Saguache County, Colorado",45231.0,22921.0,3225.0,2183.0,1087.0,49.1,6730.0,1981,519.0,635.0,152400.0,997.0,2020,08,109
"Saguache County, Colorado",48413.0,29805.0,2965.0,2317.0,1047.0,49.6,6369.0,1982,532.0,663.0,161000.0,1132.0,2021,08,109
"San Juan County, Colorado",36378.0,25839.0,530.0,193.0,190.0,39.3,801.0,1972.0,568.0,789.0,259500.0,1107.0,2011,08,111
"San Juan County, Colorado",37330.0,25653.0,541.0,155.0,146.0,37.9,747.0,1972.0,610.0,896.0,244400.0,1154.0,2012,08,111
"San Juan County, Colorado",39583.0,24711.0,460.0,128.0,113.0,43.2,659.0,1976.0,725.0,875.0,242300.0,1202.0,2013,08,111
"San Juan County, Colorado",37679.0,25926.0,449.0,145.0,108.0,45.3,653.0,1975.0,617.0,833.0,230300.0,1212.0,2014,08,111
"San Juan County, Colorado",36324.0,23143.0,391.0,154.0,100.0,46.0,606.0,1976.0,735.0,886.0,223200.0,1236.0,2015,08,111
"San Juan County, Colorado",41250.0,29427.0,389.0,116.0,21.0,49.0,552.0,1973.0,734.0,1069.0,224100.0,1607.0,2016,08,111
"San Juan County, Colorado",46397.0,28889.0,338.0,153.0,19.0,46.9,569.0,1980.0,700.0,1069.0,269400.0,1625.0,2017,08,111
"San Juan County, Colorado",46563.0,33984.0,319.0,166.0,25.0,52.1,544.0,1976.0,688.0,975.0,286700.0,1455.0,2018,08,111
"San Juan County, Colorado",54625.0,34502.0,351.0,171.0,31.0,51.2,589.0,1972,725.0,1019.0,322400.0,1500.0,2019,08,111
"San Juan County, Colorado",56875.0,36454.0,360.0,177.0,105.0,45.1,646.0,1977,725.0,1038.0,348700.0,1434.0,2020,08,111
"San Juan County, Colorado",63333.0,40019.0,405.0,197.0,99.0,45.2,698.0,1977,715.0,988.0,330000.0,1441.0,2021,08,111
"San Miguel County, Colorado",66789.0,44490.0,5146.0,888.0,531.0,38.6,7383.0,1990.0,946.0,1095.0,487100.0,2098.0,2011,08,113
"San Miguel County, Colorado",63766.0,44159.0,5048.0,1027.0,538.0,38.2,7432.0,1991.0,1021.0,1130.0,489800.0,2162.0,2012,08,113
"San Miguel County, Colorado",63594.0,40827.0,4879.0,1260.0,793.0,38.9,7496.0,1991.0,1054.0,1127.0,448000.0,1932.0,2013,08,113
"San Miguel County, Colorado",59490.0,40993.0,4846.0,1395.0,787.0,40.1,7597.0,1993.0,1049.0,1113.0,511800.0,1982.0,2014,08,113
"San Miguel County, Colorado",56047.0,40149.0,4760.0,1584.0,854.0,40.7,7676.0,1993.0,1081.0,1143.0,512800.0,1917.0,2015,08,113
"San Miguel County, Colorado",58170.0,35701.0,4835.0,1606.0,923.0,41.4,7767.0,1993.0,1075.0,1144.0,505600.0,1968.0,2016,08,113
"San Miguel County, Colorado",62243.0,42015.0,4936.0,1568.0,815.0,42.0,7804.0,1993.0,1080.0,1160.0,485000.0,2055.0,2017,08,113
"San Miguel County, Colorado",64478.0,45396.0,5210.0,1440.0,708.0,41.5,7968.0,1993.0,1058.0,1125.0,491100.0,2067.0,2018,08,113
"San Miguel County, Colorado",67038.0,47526.0,5232.0,1520.0,909.0,41.8,8049.0,1993,1072.0,1140.0,479300.0,2169.0,2019,08,113
"San Miguel County, Colorado",66898.0,47248.0,5237.0,1640.0,841.0,42.1,8110.0,1993,1075.0,1146.0,448900.0,2102.0,2020,08,113
"San Miguel County, Colorado",70965.0,51725.0,5069.0,1799.0,754.0,42.1,8084.0,1993,1180.0,1257.0,479500.0,2183.0,2021,08,113
"Sedgwick County, Colorado",36797.0,23515.0,1178.0,815.0,350.0,50.4,2390.0,1945.0,291.0,506.0,83500.0,795.0,2011,08,115
"Sedgwick County, Colorado",38401.0,22202.0,1159.0,776.0,354.0,47.9,2389.0,1945.0,376.0,557.0,83200.0,918.0,2012,08,115
"Sedgwick County, Colorado",40221.0,21536.0,1147.0,773.0,441.0,47.2,2376.0,1949.0,361.0,514.0,81400.0,939.0,2013,08,115
"Sedgwick County, Colorado",43864.0,22124.0,1145.0,797.0,362.0,49.3,2365.0,1946.0,370.0,559.0,84500.0,946.0,2014,08,115
"Sedgwick County, Colorado",44191.0,22857.0,1098.0,848.0,335.0,49.8,2365.0,1946.0,370.0,543.0,86800.0,911.0,2015,08,115
"Sedgwick County, Colorado",46977.0,24247.0,1118.0,832.0,342.0,49.5,2367.0,1946.0,405.0,579.0,94700.0,930.0,2016,08,115
"Sedgwick County, Colorado",49583.0,24666.0,1064.0,833.0,392.0,48.4,2357.0,1946.0,386.0,534.0,91500.0,934.0,2017,08,115
"Sedgwick County, Colorado",45188.0,25048.0,1040.0,823.0,390.0,49.1,2350.0,1947.0,425.0,575.0,87300.0,883.0,2018,08,115
"Sedgwick County, Colorado",43150.0,27527.0,1013.0,782.0,434.0,44.1,2322.0,1947,428.0,556.0,97100.0,854.0,2019,08,115
"Sedgwick County, Colorado",43875.0,27961.0,1087.0,650.0,454.0,39.7,2306.0,1952,438.0,600.0,111300.0,882.0,2020,08,115
"Sedgwick County, Colorado",44405.0,28922.0,1097.0,812.0,406.0,43.5,2459.0,1950,447.0,614.0,116700.0,975.0,2021,08,115
"Summit County, Colorado",67915.0,35218.0,18914.0,4155.0,2759.0,36.3,27496.0,1984.0,1091.0,1163.0,465200.0,1941.0,2011,08,117
"Summit County, Colorado",64680.0,34575.0,18944.0,4409.0,3249.0,36.3,27753.0,1986.0,1110.0,1172.0,460500.0,1981.0,2012,08,117
"Summit County, Colorado",63697.0,34025.0,18753.0,4955.0,3836.0,36.0,28091.0,1987.0,1065.0,1142.0,460000.0,1996.0,2013,08,117
"Summit County, Colorado",64521.0,34842.0,18910.0,5235.0,4003.0,36.6,28482.0,1987.0,1074.0,1143.0,461100.0,2034.0,2014,08,117
"Summit County, Colorado",67983.0,35753.0,19064.0,5376.0,3949.0,37.1,28940.0,1987.0,1115.0,1200.0,478800.0,2005.0,2015,08,117
"Summit County, Colorado",70192.0,36545.0,19137.0,5742.0,3522.0,38.2,29269.0,1987.0,1166.0,1263.0,496100.0,1989.0,2016,08,117
"Summit County, Colorado",73538.0,37192.0,20025.0,5482.0,3063.0,39.2,29722.0,1987.0,1215.0,1343.0,547700.0,1929.0,2017,08,117
"Summit County, Colorado",77589.0,38310.0,20541.0,5479.0,3075.0,39.1,30429.0,1987.0,1318.0,1402.0,563000.0,1925.0,2018,08,117
"Summit County, Colorado",79277.0,41281.0,20453.0,5803.0,2437.0,39.1,30649.0,1987,1343.0,1393.0,579600.0,1891.0,2019,08,117
"Summit County, Colorado",80709.0,44973.0,20113.0,6117.0,2288.0,38.2,30735.0,1987,1413.0,1449.0,596300.0,1959.0,2020,08,117
"Summit County, Colorado",93505.0,48488.0,20257.0,6292.0,2097.0,38.6,31042.0,1988,1618.0,1743.0,641900.0,2055.0,2021,08,117
"Teller County, Colorado",57931.0,28569.0,12294.0,6608.0,1705.0,46.6,23035.0,1986.0,717.0,881.0,229600.0,1532.0,2011,08,119
"Teller County, Colorado",57970.0,29866.0,12358.0,6830.0,1872.0,47.4,23163.0,1986.0,666.0,854.0,230400.0,1501.0,2012,08,119
"Teller County, Colorado",59040.0,31075.0,12395.0,6998.0,1614.0,48.0,23276.0,1986.0,685.0,868.0,226900.0,1460.0,2013,08,119
"Teller County, Colorado",62559.0,31732.0,12686.0,6872.0,1664.0,48.8,23363.0,1987.0,769.0,961.0,232300.0,1485.0,2014,08,119
"Teller County, Colorado",62372.0,32707.0,12603.0,6999.0,1728.0,49.4,23340.0,1987.0,797.0,985.0,239000.0,1449.0,2015,08,119
"Teller County, Colorado",63723.0,34230.0,12705.0,7009.0,1752.0,49.5,23472.0,1988.0,815.0,1033.0,244300.0,1442.0,2016,08,119
"Teller County, Colorado",66809.0,34974.0,12619.0,7400.0,1760.0,49.8,23769.0,1988.0,858.0,1057.0,261100.0,1451.0,2017,08,119
"Teller County, Colorado",65382.0,34392.0,12525.0,7698.0,1980.0,49.9,24113.0,1988.0,913.0,1070.0,279100.0,1491.0,2018,08,119
"Teller County, Colorado",66592.0,35703.0,12676.0,7939.0,1984.0,50.0,24524.0,1988,937.0,1102.0,292700.0,1547.0,2019,08,119
"Teller County, Colorado",61463.0,34541.0,12580.0,8548.0,2287.0,50.2,24981.0,1988,962.0,1107.0,304800.0,1441.0,2020,08,119
"Teller County, Colorado",68677.0,38556.0,12241.0,8654.0,1851.0,50.4,24607.0,1987,1277.0,1440.0,328900.0,1500.0,2021,08,119
"Washington County, Colorado",43945.0,24814.0,2498.0,1316.0,540.0,44.2,4709.0,1956.0,381.0,564.0,117000.0,1064.0,2011,08,121
"Washington County, Colorado",43925.0,24435.0,2397.0,1485.0,468.0,44.2,4796.0,1956.0,367.0,528.0,112900.0,1097.0,2012,08,121
"Washington County, Colorado",44683.0,24977.0,2336.0,1553.0,598.0,44.2,4796.0,1956.0,376.0,575.0,110500.0,1068.0,2013,08,121
"Washington County, Colorado",44271.0,24326.0,2328.0,1560.0,580.0,44.1,4781.0,1957.0,388.0,580.0,111500.0,1063.0,2014,08,121
"Washington County, Colorado",45541.0,24817.0,2314.0,1596.0,466.0,44.4,4795.0,1957.0,443.0,617.0,113200.0,1038.0,2015,08,121
"Washington County, Colorado",46315.0,25744.0,2280.0,1614.0,529.0,42.8,4814.0,1957.0,489.0,624.0,118000.0,1071.0,2016,08,121
"Washington County, Colorado",51458.0,26279.0,2309.0,1553.0,443.0,42.2,4809.0,1957.0,513.0,678.0,120300.0,1111.0,2017,08,121
"Washington County, Colorado",49375.0,26680.0,2361.0,1516.0,480.0,41.6,4840.0,1959.0,516.0,693.0,138700.0,1201.0,2018,08,121
"Washington County, Colorado",50094.0,27860.0,2341.0,1563.0,535.0,41.6,4868.0,1958,540.0,734.0,151300.0,1283.0,2019,08,121
"Washington County, Colorado",51181.0,28224.0,2331.0,1618.0,559.0,41.3,4869.0,1959,559.0,765.0,162200.0,1376.0,2020,08,121
"Washington County, Colorado",54141.0,29814.0,2313.0,1597.0,520.0,41.0,4834.0,1958,613.0,797.0,173000.0,1427.0,2021,08,121
"Weld County, Colorado",55825.0,25233.0,128166.0,58263.0,33351.0,32.9,248441.0,1989.0,674.0,801.0,193300.0,1558.0,2011,08,123
"Weld County, Colorado",56589.0,25341.0,129932.0,60523.0,35581.0,33.2,253552.0,1989.0,687.0,831.0,192100.0,1559.0,2012,08,123
"Weld County, Colorado",57180.0,25468.0,132288.0,62564.0,37096.0,33.5,258780.0,1989.0,703.0,835.0,191500.0,1520.0,2013,08,123
"Weld County, Colorado",58100.0,25959.0,136143.0,63974.0,34898.0,33.7,265066.0,1990.0,733.0,868.0,196100.0,1487.0,2014,08,123
"Weld County, Colorado",60572.0,26751.0,138738.0,66286.0,34007.0,33.9,270948.0,1991.0,764.0,904.0,210100.0,1464.0,2015,08,123
"Weld County, Colorado",62820.0,27808.0,142756.0,67877.0,34050.0,34.0,278065.0,1992.0,796.0,926.0,227100.0,1475.0,2016,08,123
"Weld County, Colorado",66489.0,29226.0,147545.0,69470.0,31353.0,34.2,285729.0,1992.0,828.0,955.0,245000.0,1504.0,2017,08,123
"Weld County, Colorado",70908.0,30626.0,153211.0,71562.0,30574.0,34.3,295123.0,1993.0,883.0,1014.0,269400.0,1578.0,2018,08,123
"Weld County, Colorado",74150.0,31793.0,159185.0,74102.0,29866.0,34.4,305345.0,1994,942.0,1085.0,299000.0,1659.0,2019,08,123
"Weld County, Colorado",74332.0,32399.0,164601.0,77145.0,31641.0,34.6,315389.0,1994,999.0,1143.0,326100.0,1721.0,2020,08,123
"Weld County, Colorado",80843.0,35707.0,171495.0,75733.0,30560.0,34.8,322424.0,1996,1097.0,1234.0,352000.0,1852.0,2021,08,123
"Yuma County, Colorado",44991.0,21825.0,4925.0,2660.0,782.0,36.2,9960.0,1959.0,415.0,581.0,117700.0,1068.0,2011,08,125
"Yuma County, Colorado",45033.0,23098.0,4931.0,2765.0,1059.0,36.3,10032.0,1959.0,442.0,639.0,123200.0,1092.0,2012,08,125
"Yuma County, Colorado",44308.0,22498.0,4952.0,2754.0,818.0,35.8,10093.0,1959.0,440.0,562.0,136600.0,1081.0,2013,08,125
"Yuma County, Colorado",43279.0,22902.0,4988.0,2712.0,1012.0,36.0,10131.0,1957.0,457.0,626.0,137200.0,1172.0,2014,08,125
"Yuma County, Colorado",43105.0,23246.0,5023.0,2763.0,1451.0,36.0,10185.0,1962.0,501.0,639.0,136400.0,1120.0,2015,08,125
"Yuma County, Colorado",42026.0,23905.0,5010.0,2761.0,1459.0,37.2,10150.0,1962.0,461.0,630.0,134900.0,1114.0,2016,08,125
"Yuma County, Colorado",44668.0,24789.0,5083.0,2579.0,1425.0,35.8,10109.0,1961.0,518.0,705.0,148800.0,1212.0,2017,08,125
"Yuma County, Colorado",48394.0,25846.0,5234.0,2409.0,1438.0,38.4,10069.0,1962.0,537.0,769.0,171600.0,1320.0,2018,08,125
"Yuma County, Colorado",52022.0,27955.0,5106.0,2437.0,1357.0,37.8,10003.0,1962,587.0,823.0,191800.0,1318.0,2019,08,125
"Yuma County, Colorado",54393.0,28791.0,5190.0,2373.0,1099.0,38.9,10013.0,1959,561.0,821.0,190400.0,1363.0,2020,08,125
"Yuma County, Colorado",56327.0,29600.0,5057.0,2344.0,1396.0,38.1,9944.0,1961,626.0,880.0,184400.0,1406.0,2021,08,125
